{
"metadata": {
    "version": {
        "essentia": "2.1-beta3"
    }
},
"lowLevel": {
    "average_loudness": 0.99068403244,
    "barkbands_kurtosis": {
        "max": 1.63219404221,
        "mean": -0.777076780796,
        "median": -1.04832708836,
        "min": -1.81208693981
    },
    "barkbands_skewness": {
        "max": 1.14394986629,
        "mean": 0.419979035854,
        "median": 0.51029664278,
        "min": -1.04769968987
    },
    "barkbands_spread": {
        "max": 29.6605548859,
        "mean": 19.8812084198,
        "median": 19.8762588501,
        "min": 9.65851306915
    },
    "dissonance": {
        "max": 0.497878521681,
        "mean": 0.46507537365,
        "median": 0.47078487277,
        "min": 0.385606765747
    },
    "hfc": {
        "max": 0.0610161498189,
        "mean": 0.0160119477659,
        "median": 0.0105570591986,
        "min": 6.31787625025e-05
    },
    "pitch": {
        "max": 2625.85522461,
        "mean": 912.304504395,
        "median": 337.030639648,
        "min": 147.162063599
    },
    "pitch_instantaneous_confidence": {
        "max": 0.660329699516,
        "mean": 0.407447189093,
        "median": 0.378048539162,
        "min": 0.206652522087
    },
    "pitch_salience": {
        "max": 0.947216570377,
        "mean": 0.682472765446,
        "median": 0.697403371334,
        "min": 0.456065356731
    },
    "silence_rate_20dB": {
        "max": 1,
        "mean": 1,
        "median": 1,
        "min": 1
    },
    "silence_rate_30dB": {
        "max": 1,
        "mean": 1,
        "median": 1,
        "min": 1
    },
    "silence_rate_60dB": {
        "max": 1,
        "mean": 1,
        "median": 1,
        "min": 1
    },
    "spectral_centroid": {
        "max": 1933.43737793,
        "mean": 996.327087402,
        "median": 961.582824707,
        "min": 681.555603027
    },
    "spectral_complexity": {
        "max": 0,
        "mean": 0,
        "median": 0,
        "min": 0
    },
    "spectral_crest": {
        "max": 14.9410076141,
        "mean": 8.41472148895,
        "median": 7.97002029419,
        "min": 3.65758824348
    },
    "spectral_decrease": {
        "max": -7.13958226713e-15,
        "mean": -3.91634251071e-12,
        "median": -3.1695462227e-12,
        "min": -1.19394234083e-11
    },
    "spectral_energy": {
        "max": 5.00855676364e-05,
        "mean": 1.62334908964e-05,
        "median": 1.2785423678e-05,
        "min": 3.26768976322e-08
    },
    "spectral_energyband_high": {
        "max": 6.970967803e-08,
        "mean": 3.13328429868e-09,
        "median": 4.35241453989e-10,
        "min": 4.21254593708e-11
    },
    "spectral_energyband_low": {
        "max": 4.06951585319e-06,
        "mean": 3.60661942977e-07,
        "median": 2.00563079034e-07,
        "min": 4.97212770956e-10
    },
    "spectral_energyband_middle_high": {
        "max": 2.69729480351e-05,
        "mean": 6.00839894105e-06,
        "median": 3.70499947167e-06,
        "min": 2.46172451313e-08
    },
    "spectral_energyband_middle_low": {
        "max": 3.78849508706e-05,
        "mean": 1.0080580978e-05,
        "median": 8.13242786535e-06,
        "min": 7.21451520747e-09
    },
    "spectral_flatness_db": {
        "max": 0.318489044905,
        "mean": 0.254386842251,
        "median": 0.250945478678,
        "min": 0.114563040435
    },
    "spectral_flux": {
        "max": 0.00611713388935,
        "mean": 0.00301605975255,
        "median": 0.00279582664371,
        "min": 0.000477743189549
    },
    "spectral_kurtosis": {
        "max": 68.3700866699,
        "mean": 32.090297699,
        "median": 29.8702697754,
        "min": 6.50393486023
    },
    "spectral_rms": {
        "max": 0.00022105195967,
        "mean": 0.000110585024231,
        "median": 0.000111685199954,
        "min": 5.64622905586e-06
    },
    "spectral_rolloff": {
        "max": 2691.65039062,
        "mean": 1870.19873047,
        "median": 2088.72070312,
        "min": 689.0625
    },
    "spectral_skewness": {
        "max": 5.18830251694,
        "mean": 3.23346161842,
        "median": 3.06674647331,
        "min": 2.02581501007
    },
    "spectral_spread": {
        "max": 17226046,
        "mean": 1660588,
        "median": 1365498.875,
        "min": 933523.6875
    },
    "spectral_strongpeak": {
        "max": 0.0729400590062,
        "mean": 0.0189425740391,
        "median": 0.0131284631789,
        "min": 0.000147044294863
    },
    "zerocrossingrate": {
        "max": 0.0654296875,
        "mean": 0.0508294738829,
        "median": 0.05126953125,
        "min": 0.01318359375
    },
    "barkbands": {
        "max": [1.76924142004e-09, 1.89613928114e-07, 1.36815572205e-06, 5.57046678296e-06, 1.63333552337e-05, 6.90793012836e-06, 2.04496109291e-06, 2.58417071564e-06, 2.24385803449e-05, 1.34698586862e-06, 8.77075081007e-07, 1.4776782109e-06, 2.1496575755e-06, 3.31036835632e-06, 6.19823276793e-06, 1.65764813573e-05, 4.12395365856e-06, 1.68140081769e-06, 5.71573593788e-07, 1.29733621179e-07, 3.08920178327e-08, 4.58886217913e-09, 3.20714621527e-10, 4.32652351445e-11, 4.39925804119e-11, 6.87898349394e-11, 2.34972059171e-11],
        "mean": [1.94185667546e-10, 2.44570816932e-08, 1.45899761606e-07, 7.52925416236e-07, 3.54520511792e-06, 1.50578159719e-06, 4.76345178413e-07, 6.07946333275e-07, 3.14726162287e-06, 1.85142539522e-07, 1.80680174822e-07, 2.6372762818e-07, 3.89546642054e-07, 4.8191049018e-07, 9.73519036052e-07, 2.52220024777e-06, 5.54838493372e-07, 3.74557259875e-07, 9.42997147035e-08, 5.79916958898e-09, 1.03800890106e-09, 1.87545867725e-10, 2.69482179627e-11, 7.37982591703e-12, 8.84827801306e-12, 1.88341599261e-11, 1.14355801304e-12],
        "median": [9.55934498226e-11, 1.60165818386e-08, 4.90225389171e-08, 3.65301957572e-07, 2.05284277399e-06, 8.66259654231e-07, 2.83040122895e-07, 3.56370151167e-07, 8.73335238794e-07, 1.08620895389e-07, 1.25048345012e-07, 1.91812262074e-07, 1.55463467877e-07, 2.01724148496e-07, 6.54258997201e-07, 1.16795354188e-06, 2.31758519931e-07, 1.46126637901e-07, 3.86929563945e-08, 9.45013955977e-10, 1.03327110756e-10, 3.37762005864e-11, 1.13415605033e-11, 4.64624779623e-12, 5.59749989415e-12, 1.34060471058e-11, 3.25693627883e-13],
        "min": [2.05231599944e-12, 2.7958810267e-10, 1.15700907188e-10, 1.59787443693e-11, 7.20864701265e-10, 1.49738876853e-09, 9.88664039525e-10, 2.51652343408e-09, 1.46819911784e-09, 3.91710663905e-10, 3.44588524381e-10, 5.2714055343e-10, 1.60402913174e-10, 2.77348075062e-11, 1.72822267608e-09, 8.64547899937e-09, 7.84210385518e-09, 4.44950432055e-09, 4.84760342978e-10, 5.02290709026e-11, 8.92249121809e-12, 4.13633884089e-12, 1.57712959446e-12, 9.53446631542e-13, 6.54368703321e-13, 3.77305337581e-13, 1.54384087437e-14]
    },
    "mfcc": {
        "max": [-959.535888672, 130.578948975, 22.705078125, 3.53584671021, 40.8766365051, 8.35718536377, -2.67028808594e-05, 8.73958778381, 14.8945960999, 2.95259857178, 3.10495376587, 0.977760314941, 0.422996520996],
        "mean": [-1022.29718018, 89.3894500732, -10.6879043579, -9.09632205963, 12.9622516632, -13.7141666412, -28.6772937775, -10.2740354538, -3.01893568039, -9.61917877197, -10.4496498108, -10.1730146408, -11.4554357529],
        "median": [-1014.47827148, 97.636390686, -10.9315338135, -6.1365776062, 12.8704986572, -14.0635757446, -29.6096725464, -8.26921081543, -2.02297973633, -8.90608978271, -9.81579780579, -9.55894470215, -11.5917930603],
        "min": [-1138.42004395, 1.14440917969e-05, -41.4298057556, -31.6333084106, -15.0389823914, -40.6748008728, -45.640296936, -33.2674789429, -20.0836105347, -22.9188308716, -23.6970272064, -21.4338150024, -23.0006980896]
    },
    "sccoeffs": {
        "max": [-0.595944523811, -0.768082678318, -0.754207551479, -0.810071229935, -0.637359857559, -0.779506266117],
        "mean": [-0.691899299622, -0.846149206161, -0.855604588985, -0.874060928822, -0.726353347301, -0.879010915756],