{
"metadata": {
    "version": {
        "essentia": "2.1-beta3"
    }
},
"lowLevel": {
    "average_loudness": 0.99068403244,
    "barkbands_kurtosis": {
        "max": 22.500535965,
        "mean": 8.21783351898,
        "median": 7.42283630371,
        "min": 1.298412323
    },
    "barkbands_skewness": {
        "max": 3.33913445473,
        "mean": 1.65300250053,
        "median": 1.65076780319,
        "min": 0.353942424059
    },
    "barkbands_spread": {
        "max": 11.7725782394,
        "mean": 5.2606959343,
        "median": 4.96115398407,
        "min": 2.27860283852
    },
    "dissonance": {
        "max": 0.499999940395,
        "mean": 0.438556849957,
        "median": 0.452176332474,
        "min": 0.0713451057673
    },
    "hfc": {
        "max": 0.023026926443,
        "mean": 0.00776036130264,
        "median": 0.00629982538521,
        "min": 5.60513353776e-06
    },
    "pitch": {
        "max": 851.640869141,
        "mean": 303.887817383,
        "median": 302.882263184,
        "min": 65.8125534058
    },
    "pitch_instantaneous_confidence": {
        "max": 0.521870613098,
        "mean": 0.336669176817,
        "median": 0.335577577353,
        "min": 0.164417624474
    },
    "pitch_salience": {
        "max": 0.910171747208,
        "mean": 0.788378894329,
        "median": 0.785509169102,
        "min": 0.637685596943
    },
    "silence_rate_20dB": {
        "max": 1,
        "mean": 1,
        "median": 1,
        "min": 1
    },
    "silence_rate_30dB": {
        "max": 1,
        "mean": 1,
        "median": 1,
        "min": 1
    },
    "silence_rate_60dB": {
        "max": 1,
        "mean": 1,
        "median": 1,
        "min": 1
    },
    "spectral_centroid": {
        "max": 796.144165039,
        "mean": 550.123657227,
        "median": 543.310546875,
        "min": 417.610473633
    },
    "spectral_complexity": {
        "max": 0,
        "mean": 0,
        "median": 0,
        "min": 0
    },
    "spectral_crest": {
        "max": 13.3637943268,
        "mean": 8.12774562836,
        "median": 8.30760574341,
        "min": 4.87701225281
    },
    "spectral_decrease": {
        "max": -3.12214565589e-15,
        "mean": -3.71947915176e-12,
        "median": -2.8890707101e-12,
        "min": -1.21614237777e-11
    },
    "spectral_energy": {
        "max": 4.77124085592e-05,
        "mean": 1.47420560097e-05,
        "median": 1.14579852379e-05,
        "min": 1.22921202106e-08
    },
    "spectral_energyband_high": {
        "max": 1.94535957121e-07,
        "mean": 3.27791589427e-08,
        "median": 2.36771384721e-08,
        "min": 4.15426339162e-11
    },
    "spectral_energyband_low": {
        "max": 5.06472133566e-06,
        "mean": 6.57962857531e-07,
        "median": 2.75241546888e-07,
        "min": 2.64213517731e-09
    },
    "spectral_energyband_middle_high": {
        "max": 5.46086403119e-06,
        "mean": 1.73049193108e-06,
        "median": 1.46163404224e-06,
        "min": 5.55278822922e-10
    },
    "spectral_energyband_middle_low": {
        "max": 4.44314537162e-05,
        "mean": 1.27789253384e-05,
        "median": 9.97015285975e-06,
        "min": 9.07810981943e-09
    },
    "spectral_flatness_db": {
        "max": 0.344309955835,
        "mean": 0.284146219492,
        "median": 0.290346264839,
        "min": 0.132078230381
    },
    "spectral_flux": {
        "max": 0.00554004125297,
        "mean": 0.0027027814649,
        "median": 0.00244638184085,
        "min": 0.00140640407335
    },
    "spectral_kurtosis": {
        "max": 38.0170135498,
        "mean": 16.3001213074,
        "median": 15.2861652374,
        "min": 5.77138328552
    },
    "spectral_rms": {
        "max": 0.000215751453652,
        "mean": 0.000113512964163,
        "median": 0.000105727507616,
        "min": 3.4629917991e-06
    },
    "spectral_rolloff": {
        "max": 925.927734375,
        "mean": 760.268981934,
        "median": 764.428710938,
        "min": 538.330078125
    },
    "spectral_skewness": {
        "max": 4.7112288475,
        "mean": 3.06581783295,
        "median": 2.98409318924,
        "min": 1.9199488163
    },
    "spectral_spread": {
        "max": 17984022,
        "mean": 2336697,
        "median": 1975484,
        "min": 1578020.5
    },
    "spectral_strongpeak": {
        "max": 0.0420748032629,
        "mean": 0.0153873153031,
        "median": 0.0127894356847,
        "min": 0
    },
    "zerocrossingrate": {
        "max": 0.03955078125,
        "mean": 0.0295743066818,
        "median": 0.02978515625,
        "min": 0.001953125
    },
    "barkbands": {
        "max": [5.22368111433e-07, 1.3382347106e-06, 2.69814790954e-06, 3.61695674655e-06, 7.80962818681e-06, 2.23025635933e-05, 1.51507310875e-05, 1.13903342935e-05, 1.31220385811e-05, 3.98714928451e-06, 2.27024861488e-06, 3.76592680595e-07, 1.16542153705e-07, 7.74278063886e-08, 8.56860538079e-08, 1.04544923829e-07, 1.37778954468e-07, 2.11814224826e-07, 2.76927863752e-07, 1.92646325559e-07, 8.64338076667e-08, 2.78117884278e-08, 4.90276974574e-09, 2.97021518492e-09, 2.37925790181e-09, 2.19334794771e-09, 2.32485986018e-09],
        "mean": [6.68553079564e-09, 9.77808056746e-08, 2.90086973109e-07, 5.34755770332e-07, 1.81925486231e-06, 3.21160382555e-06, 2.44824263973e-06, 1.84633870504e-06, 2.48098922384e-06, 1.38051109388e-06, 4.11259946986e-07, 1.35916282673e-08, 5.97896399057e-09, 5.08877739946e-09, 6.45306519331e-09, 9.78069891744e-09, 1.28378099262e-08, 2.32263221989e-08, 8.13425771184e-08, 3.74757327393e-08, 1.63110200901e-08, 1.97977723104e-09, 1.79865275451e-10, 1.76410525077e-10, 7.46404188456e-11, 2.86612730077e-11, 2.6804180403e-11],
        "median": [5.37180744331e-10, 3.93590404713e-08, 1.09754701327e-07, 2.39352488052e-07, 9.40323218401e-07, 2.21766572395e-06, 1.78680124918e-06, 1.33133949021e-06, 2.02995579457e-06, 1.17319655146e-06, 3.06669619476e-07, 1.82276838068e-09, 1.16802445493e-09, 1.49792178661e-09, 2.71070810243e-09, 5.2424229402e-09, 7.57366258597e-09, 1.56182089484e-08, 6.7751351196e-08, 2.59590784424e-08, 1.27778942982e-08, 1.10316500379e-09, 3.72433750506e-11, 9.47248113281e-11, 1.95072222264e-11, 2.21167528736e-12, 1.60558442626e-13],
        "min": [6.83900505671e-12, 1.16512122172e-09, 7.36193328521e-10, 6.72710720462e-10, 1.29186639164e-09, 1.04521935551e-09, 1.64824309756e-09, 2.22013452067e-09, 2.01540184541e-09, 2.76100114993e-10, 5.61403146193e-11, 7.99718069544e-11, 4.63598916201e-11, 2.19561018672e-11, 3.68158281638e-11, 2.83081232066e-11, 3.40396669185e-11, 5.01561465971e-11, 2.58608655324e-11, 1.18672007984e-11, 1.20967402761e-11, 6.30366982571e-12, 4.70912068021e-12, 4.41258488082e-12, 3.6518769779e-12, 5.74177803827e-13, 1.06076299207e-14]
    },
    "mfcc": {
        "max": [-990.014831543, 130.21673584, 67.0387878418, 21.4419593811, -6.103515625e-05, 2.28881835938e-05, 14.2416877747, 18.9820652008, 12.2344245911, 15.899187088, 9.04160690308, 0.00732421875, 5.17949676514],
        "mean": [-1046.35400391, 100.135894775, 46.3535194397, 1.87506985664, -34.7060585022, -40.4448623657, -15.6140069962, -0.209797233343, 2.08020091057, 2.01313233376, -8.95761966705, -16.5765533447, -7.19642448425],
        "median": [-1048.56420898, 100.467536926, 46.1707954407, 0.86795425415, -34.8330421448, -40.526096344, -15.5245132446, -0.368511199951, 1.97721862793, 2.12772750854, -9.80519104004, -17.6292495728, -7.22623443604],
        "min": [-1138.42004395, 1.14440917969e-05, -6.103515625e-05, -12.5418205261, -48.3883514404, -58.0182914734, -33.8692398071, -14.9313354492, -7.6131439209, -8.80905914307, -19.4583721161, -30.94373703, -16.2370643616]
    },
    "sccoeffs": {
        "max": [-0.638426303864, -0.785271644592, -0.635611593723, -0.874097049236, -0.848596572876, -0.721095025539],
        "mean": [-0.768616735935, -0.860886752605, -0.729757547379, -0.907105982304, -0.878910422325, -0.763890266418],