{
"metadata": {
    "version": {
        "essentia": "2.1-beta3"
    }
},
"lowLevel": {
    "average_loudness": 0.99068403244,
    "barkbands_kurtosis": {
        "max": 9.94586467743,
        "mean": 2.07349610329,
        "median": 1.87161946297,
        "min": -1.19829022884
    },
    "barkbands_skewness": {
        "max": 2.71262979507,
        "mean": 1.25279760361,
        "median": 1.28078961372,
        "min": 0.0730212256312
    },
    "barkbands_spread": {
        "max": 43.5156097412,
        "mean": 17.3059673309,
        "median": 16.3487586975,
        "min": 5.5083656311
    },
    "dissonance": {
        "max": 0.499408274889,
        "mean": 0.463664799929,
        "median": 0.473051965237,
        "min": 0.154482230544
    },
    "hfc": {
        "max": 0.138363778591,
        "mean": 0.0389419198036,
        "median": 0.0303532611579,
        "min": 2.72867026752e-07
    },
    "pitch": {
        "max": 815.577331543,
        "mean": 249.158874512,
        "median": 195.324813843,
        "min": 62.7737922668
    },
    "pitch_instantaneous_confidence": {
        "max": 0.391892552376,
        "mean": 0.234682559967,
        "median": 0.224564999342,
        "min": 0.135903716087
    },
    "pitch_salience": {
        "max": 0.964351654053,
        "mean": 0.766304194927,
        "median": 0.768187940121,
        "min": 0.583082914352
    },
    "silence_rate_20dB": {
        "max": 1,
        "mean": 1,
        "median": 1,
        "min": 1
    },
    "silence_rate_30dB": {
        "max": 1,
        "mean": 1,
        "median": 1,
        "min": 1
    },
    "silence_rate_60dB": {
        "max": 1,
        "mean": 1,
        "median": 1,
        "min": 1
    },
    "spectral_centroid": {
        "max": 1340.89550781,
        "mean": 731.575622559,
        "median": 685.759887695,
        "min": 399.829772949
    },
    "spectral_complexity": {
        "max": 0,
        "mean": 0,
        "median": 0,
        "min": 0
    },
    "spectral_crest": {
        "max": 10.6563520432,
        "mean": 5.7232632637,
        "median": 5.28516340256,
        "min": 3.42312383652
    },
    "spectral_decrease": {
        "max": -5.96430308875e-17,
        "mean": -1.37772874706e-11,
        "median": -1.09817988037e-11,
        "min": -5.43232021866e-11
    },
    "spectral_energy": {
        "max": 0.000217578184674,
        "mean": 5.55308033654e-05,
        "median": 4.49639264843e-05,
        "min": 2.49856496604e-10
    },
    "spectral_energyband_high": {
        "max": 7.80969548941e-06,
        "mean": 1.02740625607e-06,
        "median": 6.79600702824e-07,
        "min": 8.62992836914e-12
    },
    "spectral_energyband_low": {
        "max": 4.97846704093e-05,
        "mean": 8.46812963573e-06,
        "median": 5.99219583819e-06,
        "min": 3.28019274069e-12
    },
    "spectral_energyband_middle_high": {
        "max": 6.39366553514e-05,
        "mean": 1.3357403077e-05,
        "median": 9.38294851949e-06,
        "min": 7.92344453937e-11
    },
    "spectral_energyband_middle_low": {
        "max": 0.000131824985147,
        "mean": 3.49509136868e-05,
        "median": 2.91237665806e-05,
        "min": 1.60199575827e-10
    },
    "spectral_flatness_db": {
        "max": 0.226136401296,
        "mean": 0.16553349793,
        "median": 0.164816483855,
        "min": 0.0652259960771
    },
    "spectral_flux": {
        "max": 0.0118516040966,
        "mean": 0.00521315122023,
        "median": 0.00515095889568,
        "min": 0.00247317133471
    },
    "spectral_kurtosis": {
        "max": 16.3571147919,
        "mean": 4.43996524811,
        "median": 3.70549511909,
        "min": 0.821704626083
    },
    "spectral_rms": {
        "max": 0.000460729206679,
        "mean": 0.000219699228182,
        "median": 0.000209445046494,
        "min": 4.9372306421e-07
    },
    "spectral_rolloff": {
        "max": 3359.1796875,
        "mean": 1188.24121094,
        "median": 968.994140625,
        "min": 538.330078125
    },
    "spectral_skewness": {
        "max": 3.58161640167,
        "mean": 1.72126317024,
        "median": 1.67376327515,
        "min": 0.886589109898
    },
    "spectral_spread": {
        "max": 25544606,
        "mean": 3660475.75,
        "median": 3381281.75,
        "min": 2162052.25
    },
    "spectral_strongpeak": {
        "max": 0.159067437053,
        "mean": 0.0175111182034,
        "median": 0.0121311489493,
        "min": 6.24816220807e-06
    },
    "zerocrossingrate": {
        "max": 0.06787109375,
        "mean": 0.0446499921381,
        "median": 0.0439453125,
        "min": 0.00390625
    },
    "barkbands": {
        "max": [9.29847317366e-07, 3.91062822018e-05, 1.88689227798e-05, 1.59454848472e-05, 3.61511774827e-05, 2.59106309386e-05, 4.12388981204e-05, 2.15907584789e-05, 1.92051211343e-05, 1.76152097993e-05, 1.88219328265e-05, 1.99862843147e-05, 7.42544170862e-06, 6.12245230514e-06, 1.67186874478e-06, 2.79642245005e-06, 4.87625993628e-06, 4.3627183004e-06, 3.90395371141e-06, 3.29683962264e-06, 2.29001739172e-06, 3.59163277608e-06, 2.79407686321e-07, 1.94020053357e-08, 1.85348869586e-09, 3.2700134267e-10, 3.4800209936e-10],
        "mean": [9.3898194109e-08, 3.33710067935e-06, 3.19712785313e-06, 3.50592245013e-06, 7.75970147515e-06, 6.22126117378e-06, 7.9406227087e-06, 4.47044840257e-06, 4.15431532019e-06, 3.3866033391e-06, 3.16793239108e-06, 2.63728998107e-06, 8.97931613508e-07, 7.08522748027e-07, 3.8824771309e-07, 4.89001934056e-07, 6.49324476854e-07, 5.71738269173e-07, 5.89982334986e-07, 6.11024688624e-07, 3.77305497068e-07, 3.36358453978e-07, 3.46757680347e-08, 4.36873603959e-09, 1.26520779964e-10, 1.42333506092e-11, 5.74365164804e-12],
        "median": [2.93023489917e-08, 1.68676388057e-06, 2.28898989008e-06, 2.62133085016e-06, 5.40443306818e-06, 4.92926028528e-06, 5.07302956976e-06, 3.37418123308e-06, 2.92308891403e-06, 2.41480461227e-06, 2.04658635994e-06, 1.28513056552e-06, 2.86957856588e-07, 3.26913323079e-07, 3.09915094476e-07, 3.23880726683e-07, 4.56203451904e-07, 3.90934815186e-07, 4.42975874648e-07, 4.27858793728e-07, 2.39894120568e-07, 1.81198743121e-07, 2.22326494992e-08, 3.19261062032e-09, 6.28734286856e-11, 5.44895292082e-12, 6.04453119502e-13],
        "min": [4.3883424455e-13, 8.58988715661e-13, 1.1840525305e-12, 2.46352807945e-12, 1.78099705123e-11, 3.96908304834e-11, 4.85047731147e-11, 3.42042574819e-11, 1.59104118769e-11, 5.98647824021e-12, 7.76729461999e-12, 1.04428141481e-11, 1.45858984613e-11, 9.1193485055e-12, 1.05511458945e-11, 5.47543651044e-12, 4.31204074183e-12, 4.92302943203e-12, 3.73240197429e-12, 4.57783724123e-12, 3.78265387763e-12, 6.60022221339e-13, 5.67390427177e-13, 5.47422133665e-13, 5.32848992794e-13, 5.15521598934e-13, 4.74056761185e-14]
    },
    "mfcc": {
        "max": [-871.31036377, 164.018005371, 34.0111427307, 44.1773872375, 3.65823364258, 8.98035430908, 20.7556495667, 14.8166751862, 14.1588630676, 4.57200622559, 12.0640220642, 9.62680053711, 10.9299850464],
        "mean": [-945.61529541, 125.098724365, 0.788738489151, 15.1836395264, -15.6920919418, -11.6014928818, 2.76553630829, -0.942336797714, 0.808098614216, -7.93837451935, -3.89835596085, -1.23302543163, 1.53172445297],
        "median": [-946.331115723, 127.2603302, 0.478210449219, 16.0778541565, -16.3852577209, -13.76795578, 2.66119003296, 0.329166412354, 1.61415100098, -8.22760009766, -3.71636962891, -1.21684646606, 2.23084259033],
        "min": [-1138.42004395, 1.14440917969e-05, -37.2456474304, -19.7609672546, -35.9153404236, -27.7639579773, -15.8824234009, -16.4358673096, -15.6213607788, -21.3589706421, -21.5961055756, -14.3699111938, -13.0670280457]
    },
    "sccoeffs": {
        "max": [-0.693566083908, -0.777346074581, -0.797995984554, -0.800548195839, -0.851487874985, -0.633231520653],
        "mean": [-0.801108539104, -0.853389203548, -0.864316225052, -0.876394987106, -0.881597578526, -0.713595867157],