{
"metadata": {
    "version": {
        "essentia": "2.1-beta3"
    }
},
"lowLevel": {
    "average_loudness": 0.99068403244,
    "barkbands_kurtosis": {
        "max": 59.4135131836,
        "mean": 11.5270662308,
        "median": 5.14706802368,
        "min": 0.169280767441
    },
    "barkbands_skewness": {
        "max": 4.60018873215,
        "mean": 0.465191274881,
        "median": 0.433818221092,
        "min": -1.41289830208
    },
    "barkbands_spread": {
        "max": 20.7254486084,
        "mean": 2.83941984177,
        "median": 2.14043474197,
        "min": 0.441512525082
    },
    "dissonance": {
        "max": 0.464715480804,
        "mean": 0.339642316103,
        "median": 0.34025785327,
        "min": 0.142308533192
    },
    "hfc": {
        "max": 0.0500949025154,
        "mean": 0.0101659670472,
        "median": 0.00634127575904,
        "min": 2.71347715852e-07
    },
    "pitch": {
        "max": 686.106628418,
        "mean": 486.940063477,
        "median": 583.512573242,
        "min": 143.938430786
    },
    "pitch_instantaneous_confidence": {
        "max": 0.950175762177,
        "mean": 0.646585941315,
        "median": 0.596019566059,
        "min": 0.152477383614
    },
    "pitch_salience": {
        "max": 0.843442678452,
        "mean": 0.545419871807,
        "median": 0.605706870556,
        "min": 0.163238570094
    },
    "silence_rate_20dB": {
        "max": 1,
        "mean": 1,
        "median": 1,
        "min": 1
    },
    "silence_rate_30dB": {
        "max": 1,
        "mean": 1,
        "median": 1,
        "min": 1
    },
    "silence_rate_60dB": {
        "max": 1,
        "mean": 1,
        "median": 1,
        "min": 1
    },
    "spectral_centroid": {
        "max": 756.192321777,
        "mean": 561.499084473,
        "median": 563.848144531,
        "min": 484.851501465
    },
    "spectral_complexity": {
        "max": 1,
        "mean": 0.0454545468092,
        "median": 0,
        "min": 0
    },
    "spectral_crest": {
        "max": 24.4284706116,
        "mean": 15.3941221237,
        "median": 14.4797420502,
        "min": 4.08662223816
    },
    "spectral_decrease": {
        "max": -1.13218155969e-16,
        "mean": -4.48177302562e-12,
        "median": -2.82930037905e-12,
        "min": -2.19421859154e-11
    },
    "spectral_energy": {
        "max": 8.73584795045e-05,
        "mean": 1.78373102244e-05,
        "median": 1.12624020403e-05,
        "min": 4.51923970468e-10
    },
    "spectral_energyband_high": {
        "max": 1.26573837633e-07,
        "mean": 2.29762919801e-09,
        "median": 3.90233290126e-10,
        "min": 9.5599682684e-12
    },
    "spectral_energyband_low": {
        "max": 1.08935216758e-06,
        "mean": 2.49097155347e-07,
        "median": 2.11273118111e-07,
        "min": 1.53883128462e-10
    },
    "spectral_energyband_middle_high": {
        "max": 1.75387549461e-06,
        "mean": 4.51477546903e-07,
        "median": 3.41317502262e-07,
        "min": 4.59606970538e-11
    },
    "spectral_energyband_middle_low": {
        "max": 8.58590428834e-05,
        "mean": 1.72206891875e-05,
        "median": 1.0155077689e-05,
        "min": 2.42118963767e-10
    },
    "spectral_flatness_db": {
        "max": 0.510245680809,
        "mean": 0.393505573273,
        "median": 0.398958176374,
        "min": 0.0743324905634
    },
    "spectral_flux": {
        "max": 0.00636437209323,
        "mean": 0.00234910589643,
        "median": 0.0020276797004,
        "min": 0.000908355170395
    },
    "spectral_kurtosis": {
        "max": 161.77180481,
        "mean": 114.593826294,
        "median": 125.27583313,
        "min": 1.57966470718
    },
    "spectral_rms": {
        "max": 0.000291937962174,
        "mean": 0.000118837087939,
        "median": 0.000104821847344,
        "min": 6.64004119244e-07
    },
    "spectral_rolloff": {
        "max": 904.39453125,
        "mean": 657.496826172,
        "median": 602.9296875,
        "min": 581.396484375
    },
    "spectral_skewness": {
        "max": 11.0271224976,
        "mean": 8.83859348297,
        "median": 9.50442790985,
        "min": 1.62484180927
    },
    "spectral_spread": {
        "max": 31263688,
        "mean": 1509302.625,
        "median": 892425.5,
        "min": 579206.9375
    },
    "spectral_strongpeak": {
        "max": 0.178601041436,
        "mean": 0.0597782880068,
        "median": 0.0431653298438,
        "min": 0
    },
    "zerocrossingrate": {
        "max": 0.03173828125,
        "mean": 0.0264948066324,
        "median": 0.0263671875,
        "min": 0.00146484375
    },
    "barkbands": {
        "max": [7.63432552731e-08, 6.80306015965e-07, 3.50553477801e-07, 6.99688314398e-07, 2.70910186373e-06, 4.92508934258e-06, 4.21742743129e-06, 7.29189632693e-05, 5.78404706175e-06, 8.94554943898e-07, 1.3457857051e-07, 1.51859850916e-07, 1.35069501539e-06, 4.32054889643e-08, 4.98465510645e-07, 6.79660274727e-08, 7.86081812976e-08, 1.00185609142e-07, 1.14716847577e-07, 9.71952189843e-08, 5.45257670126e-08, 1.72172551771e-08, 4.00142097234e-09, 1.95720195606e-09, 1.33745980957e-09, 5.2501841763e-10, 5.6019316963e-10],
        "mean": [4.02171540514e-09, 8.57703454926e-08, 9.31652053282e-08, 1.42936997349e-07, 5.32099932116e-07, 1.1479804698e-06, 9.20272555049e-07, 1.26999229906e-05, 1.71833517015e-06, 1.91616877032e-07, 2.90179347218e-08, 2.87175296876e-08, 1.30469814508e-07, 1.0583672605e-08, 9.26821641656e-08, 1.41926859154e-09, 1.5245487095e-09, 1.80872239408e-09, 1.91024063234e-09, 1.51250001412e-09, 7.8748763066e-10, 2.35435310136e-10, 3.30648036728e-10, 1.59087784612e-10, 4.56624148215e-11, 7.75997061747e-12, 7.03344760905e-12],
        "median": [1.62653446267e-09, 5.54322241442e-08, 6.55678178418e-08, 8.86854181203e-08, 3.99094403747e-07, 8.17555019239e-07, 7.86287955634e-07, 4.57652731711e-06, 1.22704682326e-06, 1.47503058656e-07, 2.17814424275e-08, 1.33418307513e-08, 1.47944545503e-08, 9.01853347557e-09, 3.60945477951e-08, 1.20850785976e-11, 2.67825726874e-11, 2.4192352982e-11, 2.03346402217e-11, 2.31086295932e-11, 1.00291077526e-11, 4.22453998866e-12, 2.38205455361e-10, 6.86353474055e-11, 1.96985414092e-11, 3.36485857623e-13, 2.24479777215e-13],
        "min": [1.13321565673e-11, 6.83522127787e-11, 4.24506367558e-11, 3.81117637449e-11, 6.60634533189e-11, 2.08773987681e-11, 8.63790029088e-12, 3.58030063929e-11, 6.39960029414e-11, 1.37021964955e-11, 7.40895105683e-12, 7.10829355446e-12, 7.23612576109e-12, 2.14312855656e-12, 1.94856327254e-12, 1.27541163394e-12, 2.09630750259e-12, 2.79044886156e-12, 1.81491269496e-12, 1.87770870901e-12, 1.56384594944e-12, 1.48135616187e-12, 1.19191744148e-12, 1.10814168171e-12, 1.10383013494e-12, 4.18225634788e-14, 8.54497170992e-15]
    },
    "mfcc": {
        "max": [-1023.63702393, 123.403907776, 58.5103492737, 15.3594703674, -6.103515625e-05, 2.28881835938e-05, -2.67028808594e-05, 5.17589569092, 17.0983009338, 27.896905899, 16.9023246765, 13.3679885864, -3.81469726562e-05],
        "mean": [-1056.99121094, 91.776473999, 40.6627731323, -3.75158691406, -25.406621933, -29.4772777557, -24.3815383911, -12.3777351379, 3.24594116211, 12.4674034119, 8.81154727936, -1.25870275497, -7.2786192894],
        "median": [-1054.88085938, 94.7969741821, 40.5630989075, -6.9947013855, -24.9475822449, -31.5640678406, -27.2510604858, -12.9629058838, 3.87028121948, 12.3937091827, 9.68828201294, -0.798675537109, -7.43089294434],
        "min": [-1138.42004395, 1.14440917969e-05, -6.103515625e-05, -20.966960907, -41.8857116699, -46.8267478943, -43.5964279175, -27.2080459595, -12.7357406616, -3.11186218262, -1.63740158081, -12.7302246094, -18.1605491638]
    },
    "sccoeffs": {
        "max": [-0.693737864494, -0.666713833809, -0.677799522877, -0.639243483543, -0.867946863174, -0.802877187729],
        "mean": [-0.820031762123, -0.793838739395, -0.792149782181, -0.731858670712, -0.915817022324, -0.857924103737],