{
"metadata": {
    "version": {
        "essentia": "2.1-beta3"
    }
},
"lowLevel": {
    "average_loudness": 0.99068403244,
    "barkbands_kurtosis": {
        "max": 3.08692455292,
        "mean": -0.234675228596,
        "median": -0.648260712624,
        "min": -1.38592600822
    },
    "barkbands_skewness": {
        "max": 1.84123671055,
        "mean": 0.415789157152,
        "median": 0.437366068363,
        "min": -1.46748614311
    },
    "barkbands_spread": {
        "max": 33.9882049561,
        "mean": 22.2647972107,
        "median": 22.6533546448,
        "min": 11.2363319397
    },
    "dissonance": {
        "max": 0.49997907877,
        "mean": 0.477379530668,
        "median": 0.484817743301,
        "min": 0.322786450386
    },
    "hfc": {
        "max": 0.287837684155,
        "mean": 0.0315134301782,
        "median": 0.0171110518277,
        "min": 1.14642571134e-05
    },
    "pitch": {
        "max": 3648.16943359,
        "mean": 631.680114746,
        "median": 552.238525391,
        "min": 122.268264771
    },
    "pitch_instantaneous_confidence": {
        "max": 0.564684212208,
        "mean": 0.310862660408,
        "median": 0.313051044941,
        "min": 0.143736183643
    },
    "pitch_salience": {
        "max": 0.94730758667,
        "mean": 0.767943322659,
        "median": 0.772398531437,
        "min": 0.627457559109
    },
    "silence_rate_20dB": {
        "max": 1,
        "mean": 1,
        "median": 1,
        "min": 1
    },
    "silence_rate_30dB": {
        "max": 1,
        "mean": 1,
        "median": 1,
        "min": 1
    },
    "silence_rate_60dB": {
        "max": 1,
        "mean": 1,
        "median": 1,
        "min": 1
    },
    "spectral_centroid": {
        "max": 3146.76635742,
        "mean": 1485.67114258,
        "median": 1440.20214844,
        "min": 874.036010742
    },
    "spectral_complexity": {
        "max": 0,
        "mean": 0,
        "median": 0,
        "min": 0
    },
    "spectral_crest": {
        "max": 16.0003814697,
        "mean": 6.27805042267,
        "median": 5.70463418961,
        "min": 2.97689723969
    },
    "spectral_decrease": {
        "max": -6.89767939828e-16,
        "mean": -4.67429046858e-12,
        "median": -2.80984328686e-12,
        "min": -2.96661445409e-11
    },
    "spectral_energy": {
        "max": 0.000138074494316,
        "mean": 2.05001979339e-05,
        "median": 1.23699046526e-05,
        "min": 3.64318508694e-09
    },
    "spectral_energyband_high": {
        "max": 2.49785007327e-05,
        "mean": 1.76403921159e-06,
        "median": 5.10027007294e-07,
        "min": 8.36032187923e-10
    },
    "spectral_energyband_low": {
        "max": 2.91938272312e-06,
        "mean": 4.71054875106e-07,
        "median": 2.78838996337e-07,
        "min": 9.94307691737e-11
    },
    "spectral_energyband_middle_high": {
        "max": 6.98655567248e-05,
        "mean": 9.50806497713e-06,
        "median": 6.4586811277e-06,
        "min": 2.53261212002e-09
    },
    "spectral_energyband_middle_low": {
        "max": 6.61091398797e-05,
        "mean": 9.06498826225e-06,
        "median": 4.5991623665e-06,
        "min": 2.25299473522e-10
    },
    "spectral_flatness_db": {
        "max": 0.158654823899,
        "mean": 0.107539921999,
        "median": 0.108737759292,
        "min": 0.0605703964829
    },
    "spectral_flux": {
        "max": 0.00823059957474,
        "mean": 0.0034934701398,
        "median": 0.00330126681365,
        "min": 0.000872142438311
    },
    "spectral_kurtosis": {
        "max": 9.63542747498,
        "mean": 4.42415237427,
        "median": 3.51543045044,
        "min": 0.976326704025
    },
    "spectral_rms": {
        "max": 0.000367024273146,
        "mean": 0.000122313402244,
        "median": 0.000109854969196,
        "min": 1.88529224943e-06
    },
    "spectral_rolloff": {
        "max": 4349.70703125,
        "mean": 2783.65625,
        "median": 2874.68261719,
        "min": 1162.79296875
    },
    "spectral_skewness": {
        "max": 2.64360523224,
        "mean": 1.70524024963,
        "median": 1.73530399799,
        "min": 0.941532671452
    },
    "spectral_spread": {
        "max": 18556050,
        "mean": 5669140.5,
        "median": 5883161,
        "min": 3716143.25
    },
    "spectral_strongpeak": {
        "max": 0.125441670418,
        "mean": 0.0239810179919,
        "median": 0.0186045318842,
        "min": 0.000197895584279
    },
    "zerocrossingrate": {
        "max": 0.09912109375,
        "mean": 0.0753340274096,
        "median": 0.0771484375,
        "min": 0.01025390625
    },
    "barkbands": {
        "max": [5.95203104581e-08, 1.82935514204e-06, 5.68531390854e-07, 2.03448939828e-06, 6.66674304739e-06, 3.13250347972e-06, 6.63902483211e-06, 4.13353518525e-05, 1.48077197082e-05, 1.27158891701e-05, 1.9851127945e-05, 3.81440258934e-06, 2.42157398134e-06, 6.2827380134e-06, 7.29407020117e-06, 5.97492771703e-06, 3.46512638316e-06, 1.01180376078e-05, 6.57617147226e-06, 1.28055080495e-05, 1.10954761112e-05, 5.01570730194e-06, 1.29761929202e-06, 6.00647183546e-07, 2.24847838126e-07, 5.32337773862e-09, 5.00596675224e-09],
        "mean": [7.21420834182e-09, 2.24586798936e-07, 1.26036127313e-07, 2.70700553529e-07, 7.00444616086e-07, 6.815918141e-07, 9.93913886305e-07, 3.9028827814e-06, 2.25830831369e-06, 1.24826669889e-06, 1.94544531951e-06, 8.51365655308e-07, 4.68743110105e-07, 7.14873351626e-07, 5.76405682295e-07, 7.75373848683e-07, 5.59256079669e-07, 1.01568105038e-06, 8.94321203759e-07, 1.07610571831e-06, 6.65130187372e-07, 3.56196977691e-07, 1.12978383981e-07, 5.52051595548e-08, 1.87725035516e-08, 3.46331602286e-10, 6.70910133005e-11],
        "median": [3.62115981645e-09, 1.02677546465e-07, 6.66550619144e-08, 9.14005724439e-08, 2.4366934781e-07, 3.08844477104e-07, 5.60988951293e-07, 1.09688994598e-06, 1.26245959109e-06, 4.79762093164e-07, 7.93010826783e-07, 5.30445049662e-07, 2.80380902495e-07, 2.28925983947e-07, 2.41993461714e-07, 4.70494654792e-07, 3.007968985e-07, 6.41239182642e-07, 5.75320768803e-07, 4.31340254181e-07, 1.85817597753e-07, 7.57050173661e-08, 2.64490509494e-08, 2.16680788867e-08, 7.57908225069e-09, 1.40906702972e-10, 7.55909397576e-12],
        "min": [2.21667788292e-11, 3.94601920584e-11, 3.19935883342e-11, 3.31780783402e-11, 5.54151204091e-11, 6.51118395312e-12, 1.90137020711e-11, 3.70543318251e-11, 4.53977549997e-11, 1.40968986484e-10, 1.37172911918e-10, 9.09911590519e-11, 3.39917226311e-11, 4.90529353248e-11, 3.55512910777e-11, 2.54107818121e-10, 1.55340379449e-10, 5.06644504128e-10, 7.5279166234e-10, 6.94218460495e-10, 2.06349493048e-10, 1.72497696682e-10, 6.4623299767e-11, 3.10889994304e-11, 1.02981095873e-11, 5.60331989141e-12, 6.99103210218e-13]
    },
    "mfcc": {
        "max": [-845.675598145, 112.213798523, 7.00933837891, 24.3701591492, 19.1142883301, 8.79318237305, 20.75157547, 24.7850131989, 19.1274299622, 12.9249267578, 17.5842094421, 16.6868534088, 16.8985595703],
        "mean": [-985.378356934, 76.7168197632, -24.5345954895, 2.71776032448, -16.9948749542, -15.2724876404, 0.235510542989, 3.32315468788, 1.51917564869, 1.49489319324, 1.48446655273, -0.959819793701, -0.0564748607576],
        "median": [-984.604492188, 76.6377716064, -24.9828071594, 3.42749404907, -17.1909294128, -14.6363792419, -0.317928314209, 1.42837142944, 1.39175796509, 0.393245697021, 1.40037155151, -0.949234008789, 0.241947174072],
        "min": [-1138.42004395, 1.14440917969e-05, -65.7949829102, -23.3859672546, -41.7435913086, -37.3512840271, -16.2199211121, -14.7056732178, -12.4310913086, -17.4877319336, -20.5719203949, -22.5784683228, -17.0386161804]
    },
    "sccoeffs": {
        "max": [-0.751769304276, -0.711922705173, -0.789474546909, -0.808997571468, -0.821487784386, -0.805778801441],
        "mean": [-0.8456787467, -0.855296134949, -0.866696536541, -0.870387792587, -0.873110413551, -0.851401269436],