{
"metadata": {
    "version": {
        "essentia": "2.1-beta3"
    }
},
"lowLevel": {
    "average_loudness": 0.99068403244,
    "barkbands_kurtosis": {
        "max": 10.786239624,
        "mean": 0.459067046642,
        "median": -0.412096619606,
        "min": -1.54138934612
    },
    "barkbands_skewness": {
        "max": 3.32750439644,
        "mean": 1.04818296432,
        "median": 1.02165842056,
        "min": -0.457702457905
    },
    "barkbands_spread": {
        "max": 41.0817108154,
        "mean": 21.6423397064,
        "median": 22.0835781097,
        "min": 8.36772537231
    },
    "dissonance": {
        "max": 0.499999850988,
        "mean": 0.47357738018,
        "median": 0.481794416904,
        "min": 0.0196101889014
    },
    "hfc": {
        "max": 0.0244281888008,
        "mean": 0.00836837198585,
        "median": 0.00707699172199,
        "min": 3.29599220095e-06
    },
    "pitch": {
        "max": 2005.0748291,
        "mean": 417.505645752,
        "median": 292.523498535,
        "min": 73.0961456299
    },
    "pitch_instantaneous_confidence": {
        "max": 0.622360527515,
        "mean": 0.328854322433,
        "median": 0.308999866247,
        "min": 0.104926407337
    },
    "pitch_salience": {
        "max": 0.914622247219,
        "mean": 0.730410337448,
        "median": 0.733904957771,
        "min": 0.507325947285
    },
    "silence_rate_20dB": {
        "max": 1,
        "mean": 1,
        "median": 1,
        "min": 1
    },
    "silence_rate_30dB": {
        "max": 1,
        "mean": 1,
        "median": 1,
        "min": 1
    },
    "silence_rate_60dB": {
        "max": 1,
        "mean": 1,
        "median": 1,
        "min": 1
    },
    "spectral_centroid": {
        "max": 1663.23413086,
        "mean": 937.871704102,
        "median": 888.974731445,
        "min": 428.732757568
    },
    "spectral_complexity": {
        "max": 0,
        "mean": 0,
        "median": 0,
        "min": 0
    },
    "spectral_crest": {
        "max": 18.4339752197,
        "mean": 9.59068012238,
        "median": 9.18528079987,
        "min": 3.03737878799
    },
    "spectral_decrease": {
        "max": -6.00870349706e-16,
        "mean": -2.35180364766e-12,
        "median": -1.98231014936e-12,
        "min": -1.08073012345e-11
    },
    "spectral_energy": {
        "max": 4.27638078691e-05,
        "mean": 9.63527872955e-06,
        "median": 8.31356464914e-06,
        "min": 2.56677656907e-09
    },
    "spectral_energyband_high": {
        "max": 4.4211000727e-07,
        "mean": 1.41483482707e-07,
        "median": 1.2672757066e-07,
        "min": 9.78307851396e-11
    },
    "spectral_energyband_low": {
        "max": 1.47045170706e-06,
        "mean": 2.40940124741e-07,
        "median": 9.15350568675e-08,
        "min": 5.08468989135e-10
    },
    "spectral_energyband_middle_high": {
        "max": 1.04806431409e-05,
        "mean": 2.79677919934e-06,
        "median": 2.37752055909e-06,
        "min": 1.21392029762e-09
    },
    "spectral_energyband_middle_low": {
        "max": 3.80413912353e-05,
        "mean": 6.58342014503e-06,
        "median": 3.86629653804e-06,
        "min": 7.39616090595e-10
    },
    "spectral_flatness_db": {
        "max": 0.278678625822,
        "mean": 0.170406937599,
        "median": 0.166408509016,
        "min": 0.0887504518032
    },
    "spectral_flux": {
        "max": 0.00576127739623,
        "mean": 0.00236766063608,
        "median": 0.00228454591706,
        "min": 0.000313659198582
    },
    "spectral_kurtosis": {
        "max": 14.8335762024,
        "mean": 7.51166677475,
        "median": 7.18515968323,
        "min": 5.14763355255
    },
    "spectral_rms": {
        "max": 0.000204256677534,
        "mean": 8.90257069841e-05,
        "median": 9.00597660802e-05,
        "min": 1.58245768489e-06
    },
    "spectral_rolloff": {
        "max": 2777.78320312,
        "mean": 1835.4609375,
        "median": 2002.58789062,
        "min": 344.53125
    },
    "spectral_skewness": {
        "max": 2.81648349762,
        "mean": 2.1285867691,
        "median": 2.10751032829,
        "min": 1.62680673599
    },
    "spectral_spread": {
        "max": 6883112.5,
        "mean": 4109827,
        "median": 4096771.5,
        "min": 2210166
    },
    "spectral_strongpeak": {
        "max": 0.0323752686381,
        "mean": 0.00779057340696,
        "median": 0.00687169935554,
        "min": 0
    },
    "zerocrossingrate": {
        "max": 0.080078125,
        "mean": 0.0430464297533,
        "median": 0.037841796875,
        "min": 0.0048828125
    },
    "barkbands": {
        "max": [1.43640917827e-07, 3.54964811322e-07, 8.13030453628e-07, 1.50211189975e-06, 1.79331236723e-05, 1.80216138688e-05, 6.57283317196e-06, 1.54685676534e-06, 1.39116048103e-06, 2.65691733148e-06, 9.98506493488e-07, 2.25631310968e-06, 7.08060099441e-07, 1.17921115361e-06, 2.110947662e-06, 3.28500641444e-06, 1.10385656171e-06, 7.22589277302e-07, 8.61386524775e-07, 4.11497779851e-07, 2.61245929778e-07, 7.30546005911e-08, 1.54927146667e-08, 8.78032402341e-09, 6.3462182176e-09, 3.57642027105e-10, 3.35523449302e-11],
        "mean": [1.67717717492e-09, 7.86413334453e-09, 1.35823157166e-07, 2.32376535791e-07, 3.0970759326e-06, 1.98726502276e-06, 7.21968888229e-07, 2.51057713285e-07, 2.35161820683e-07, 1.83198167747e-07, 1.59149493584e-07, 2.41732124096e-07, 1.18645701264e-07, 1.90430725411e-07, 5.96290306021e-07, 6.34357434137e-07, 2.67563905254e-07, 1.87397930063e-07, 1.87234391547e-07, 1.09062405329e-07, 6.47245670393e-08, 1.78997670019e-08, 4.01335542577e-09, 1.9911383653e-09, 1.2468936994e-09, 8.17658787899e-11, 2.61588927603e-12],
        "median": [1.16513864529e-11, 1.27572286068e-09, 2.80469034664e-08, 1.34084373826e-07, 1.45661692841e-06, 9.05175170374e-07, 2.91321043733e-07, 1.27041914766e-07, 1.31623465904e-07, 9.96747502313e-08, 8.89275355576e-08, 1.06101722963e-07, 7.6521672554e-08, 1.06501389041e-07, 4.63714172838e-07, 5.11640394052e-07, 2.00101737846e-07, 1.27500655367e-07, 1.33866478791e-07, 7.88645166949e-08, 5.1474501106e-08, 1.19140475263e-08, 2.76402989385e-09, 1.22177978845e-09, 7.62391039189e-10, 4.98303967533e-11, 1.2767252533e-12],
        "min": [8.78120140621e-14, 6.00662436456e-11, 1.41810119203e-10, 1.33111757727e-10, 2.78744333171e-10, 1.84449774898e-10, 9.66850141615e-11, 3.7699204869e-11, 8.28352057086e-12, 1.49563608026e-11, 8.58804347081e-11, 1.94699006917e-10, 9.21401427378e-11, 1.37877946907e-11, 2.47558189226e-11, 3.18566284463e-10, 2.44467668331e-10, 2.16889943505e-11, 1.96569760469e-10, 1.57408149015e-11, 6.81306330796e-11, 1.45763557474e-11, 2.41967405314e-12, 1.70946297482e-12, 9.31708377984e-13, 1.13120287876e-13, 4.12260523842e-14]
    },
    "mfcc": {
        "max": [-968.460205078, 98.2108535767, 21.3688964844, 25.5884284973, 26.0785560608, 8.02240753174, 10.5602607727, 4.12777709961, 5.08044052124, 5.77218818665, -2.67028808594e-05, 5.49255371094, 22.749961853],
        "mean": [-1030.04064941, 74.1527633667, -11.2273788452, 3.77141475677, 8.08759880066, -16.5435180664, -22.6694068909, -19.8260135651, -13.0265722275, -12.3139533997, -20.178024292, -15.9177694321, -5.00095653534],
        "median": [-1021.70819092, 76.791267395, -10.9446716309, 2.78569412231, 7.15110015869, -17.505859375, -26.9549102783, -22.2221374512, -14.0502586365, -11.3593826294, -19.2634983063, -16.5434074402, -6.3698425293],
        "min": [-1138.42004395, 1.14440917969e-05, -41.6957054138, -9.60093307495, -8.41230773926, -35.7936058044, -41.0915756226, -41.0413970947, -28.7861709595, -40.271156311, -51.2112312317, -30.9868736267, -18.0652809143]
    },
    "sccoeffs": {
        "max": [-0.460811793804, -0.721460878849, -0.783287346363, -0.771828770638, -0.818521499634, -0.795648157597],
        "mean": [-0.637795209885, -0.83477139473, -0.885219633579, -0.871527731419, -0.877553761005, -0.846544623375],