{
"metadata": {
    "version": {
        "essentia": "2.1-beta3"
    }
},
"lowLevel": {
    "average_loudness": 0.99068403244,
    "barkbands_kurtosis": {
        "max": 13.9216213226,
        "mean": 2.31510043144,
        "median": 1.7811794281,
        "min": -0.703824520111
    },
    "barkbands_skewness": {
        "max": 3.07479548454,
        "mean": 0.840021073818,
        "median": 0.679752647877,
        "min": -0.506381034851
    },
    "barkbands_spread": {
        "max": 17.4759502411,
        "mean": 2.23993492126,
        "median": 1.86187577248,
        "min": 0.559802591801
    },
    "dissonance": {
        "max": 0.499995321035,
        "mean": 0.395167797804,
        "median": 0.407676041126,
        "min": 0.108283005655
    },
    "hfc": {
        "max": 0.117255188525,
        "mean": 0.0464319139719,
        "median": 0.0426677018404,
        "min": 2.27017317229e-05
    },
    "pitch": {
        "max": 450.627502441,
        "mean": 362.548461914,
        "median": 381.953948975,
        "min": 190.509246826
    },
    "pitch_instantaneous_confidence": {
        "max": 0.75967168808,
        "mean": 0.505428612232,
        "median": 0.462489485741,
        "min": 0.18676418066
    },
    "pitch_salience": {
        "max": 0.962648272514,
        "mean": 0.636391937733,
        "median": 0.639690279961,
        "min": 0.447917044163
    },
    "silence_rate_20dB": {
        "max": 1,
        "mean": 1,
        "median": 1,
        "min": 1
    },
    "silence_rate_30dB": {
        "max": 1,
        "mean": 1,
        "median": 1,
        "min": 1
    },
    "silence_rate_60dB": {
        "max": 1,
        "mean": 1,
        "median": 1,
        "min": 1
    },
    "spectral_centroid": {
        "max": 1044.13806152,
        "mean": 450.323822021,
        "median": 444.874694824,
        "min": 369.000640869
    },
    "spectral_complexity": {
        "max": 1,
        "mean": 0.306818187237,
        "median": 0,
        "min": 0
    },
    "spectral_crest": {
        "max": 20.8211841583,
        "mean": 13.87504673,
        "median": 13.7182149887,
        "min": 5.08135175705
    },
    "spectral_decrease": {
        "max": -5.21508402394e-15,
        "mean": -2.68339812176e-11,
        "median": -2.41040278015e-11,
        "min": -6.92513615896e-11
    },
    "spectral_energy": {
        "max": 0.000272006058367,
        "mean": 0.000105489154521,
        "median": 9.47375956457e-05,
        "min": 2.17420659254e-08
    },
    "spectral_energyband_high": {
        "max": 5.36450272648e-07,
        "mean": 6.13204331756e-09,
        "median": 4.18530314572e-12,
        "min": 2.41096133502e-15
    },
    "spectral_energyband_low": {
        "max": 7.86333839642e-06,
        "mean": 2.04090906664e-06,
        "median": 1.29758655021e-06,
        "min": 1.37704042613e-10
    },
    "spectral_energyband_middle_high": {
        "max": 1.20615950436e-05,
        "mean": 4.62578645966e-06,
        "median": 3.32556237481e-06,
        "min": 6.44127862159e-09
    },
    "spectral_energyband_middle_low": {
        "max": 0.000269692303846,
        "mean": 0.000100224933703,
        "median": 8.83058964973e-05,
        "min": 1.47242520399e-08
    },
    "spectral_flatness_db": {
        "max": 0.874554395676,
        "mean": 0.609314799309,
        "median": 0.607217311859,
        "min": 0.0717189237475
    },
    "spectral_flux": {
        "max": 0.0145143987611,
        "mean": 0.00796443689615,
        "median": 0.00775783043355,
        "min": 0.00133869017009
    },
    "spectral_kurtosis": {
        "max": 1480.88525391,
        "mean": 672.864379883,
        "median": 652.497558594,
        "min": 1.0020570755
    },
    "spectral_rms": {
        "max": 0.000515142455697,
        "mean": 0.000310482486384,
        "median": 0.000304015120491,
        "min": 4.60562387161e-06
    },
    "spectral_rolloff": {
        "max": 1205.859375,
        "mean": 598.280517578,
        "median": 581.396484375,
        "min": 387.59765625
    },
    "spectral_skewness": {
        "max": 29.556810379,
        "mean": 18.665430069,
        "median": 20.6471099854,
        "min": 1.45639419556
    },
    "spectral_spread": {
        "max": 32951946,
        "mean": 1032473.8125,
        "median": 230201.390625,
        "min": 40781.7617188
    },
    "spectral_strongpeak": {
        "max": 0.207786649466,
        "mean": 0.050986405462,
        "median": 0.0483543947339,
        "min": 4.71556304547e-05
    },
    "zerocrossingrate": {
        "max": 0.02099609375,
        "mean": 0.0189208984375,
        "median": 0.01953125,
        "min": 0.00146484375
    },
    "barkbands": {
        "max": [7.43090140531e-08, 4.10458682154e-07, 4.4001058086e-06, 5.28016062162e-06, 6.80003904563e-06, 0.000121855620819, 0.00015101012832, 1.4766206732e-05, 1.52028787852e-05, 1.00026081782e-05, 5.09381516167e-06, 6.03085993589e-07, 3.73432328615e-07, 2.72546287761e-07, 2.22877901024e-07, 1.81754160167e-07, 1.48271439571e-07, 1.32542012921e-07, 1.17580718495e-07, 1.02834270876e-07, 9.44475928577e-08, 7.95438381829e-08, 6.67386288455e-08, 6.3475219747e-08, 6.10403532164e-08, 5.9670760777e-08, 6.36522941022e-08],
        "mean": [2.39407818015e-08, 1.95222312982e-07, 1.12806628749e-06, 1.10237954232e-06, 2.49916524808e-06, 4.83892836201e-05, 3.09014430968e-05, 8.97228164831e-06, 6.51819618724e-06, 3.8656239667e-06, 1.81278335276e-06, 5.49859784371e-08, 6.46867004406e-09, 3.22022386534e-09, 2.55350385281e-09, 2.07831618582e-09, 1.69492764268e-09, 1.51506285295e-09, 1.34405264696e-09, 1.17547827028e-09, 1.07961628526e-09, 9.09246011815e-10, 7.62875040916e-10, 7.25571769333e-10, 6.97737534416e-10, 6.82081613412e-10, 7.2759437364e-10],
        "median": [1.7302692612e-08, 2.0272362633e-07, 7.01983651652e-07, 5.6184683217e-07, 1.80449023901e-06, 4.79003647342e-05, 1.50493942783e-05, 9.07966023078e-06, 6.78697779222e-06, 3.60709964298e-06, 1.23522204376e-06, 4.28864836977e-08, 1.866755861e-09, 1.06211962836e-10, 7.81540630823e-12, 2.78790619063e-12, 1.58286697551e-12, 1.23137654587e-12, 9.64376582063e-13, 8.02394283829e-13, 7.30895324732e-13, 6.18881085702e-13, 5.2151826694e-13, 4.97531378076e-13, 4.79541645108e-13, 4.69419045735e-13, 5.0121658126e-13],
        "min": [5.43565539801e-11, 3.72244041147e-11, 2.69062376546e-11, 1.41213055138e-10, 1.74851000345e-09, 4.08670342011e-09, 4.05788780355e-09, 2.06394545899e-09, 1.89363325021e-09, 2.46049358665e-09, 1.23196275403e-09, 8.73970951165e-10, 9.69003349782e-11, 9.86530215158e-12, 1.8005525456e-12, 2.48940625058e-13, 8.52669646586e-14, 5.95229279683e-15, 2.7005095954e-15, 1.22189902476e-15, 7.7626953844e-16, 3.82951589327e-16, 2.08080102119e-16, 1.13451354727e-16, 7.29782610054e-17, 2.74266985302e-17, 1.15740004663e-17]
    },
    "mfcc": {
        "max": [-972.707580566, 156.995300293, 77.4564819336, 15.6653785706, -6.103515625e-05, 2.28881835938e-05, -2.67028808594e-05, 8.43710517883, 6.67079544067, 7.06251716614, 6.39667892456, 5.65562438965, 13.4420928955],
        "mean": [-1020.80310059, 136.52381897, 66.0255813599, -5.46391391754, -45.3975982666, -45.4020118713, -22.6733760834, -2.38716340065, 1.95606839657, -5.44490098953, -11.4140062332, -7.78073692322, 2.56048226357],
        "median": [-1019.02929688, 139.095474243, 68.8841247559, -5.68726730347, -45.75440979, -44.3037376404, -22.578125, -3.08932495117, 2.70546340942, -5.16563415527, -11.0044116974, -7.82480239868, 1.50624847412],
        "min": [-1138.42004395, 1.14440917969e-05, -6.103515625e-05, -26.4953079224, -63.7630310059, -61.3495903015, -36.5454940796, -15.8072738647, -7.90757751465, -16.1228485107, -26.2385158539, -22.0258331299, -7.23257064819]
    },
    "sccoeffs": {
        "max": [-0.703085184097, -0.710837185383, -0.723977863789, -0.694829702377, -0.850714445114, -0.935952723026],
        "mean": [-0.818998157978, -0.793324828148, -0.780089795589, -0.781005263329, -0.957456767559, -0.96756285429],