{
"metadata": {
    "version": {
        "essentia": "2.1-beta3"
    }
},
"lowLevel": {
    "average_loudness": 0.99068403244,
    "barkbands_kurtosis": {
        "max": 15.8635215759,
        "mean": 3.71965432167,
        "median": 2.50395298004,
        "min": -1.05492341518
    },
    "barkbands_skewness": {
        "max": 2.9877679348,
        "mean": 1.69710683823,
        "median": 1.6403567791,
        "min": 0.63468593359
    },
    "barkbands_spread": {
        "max": 24.4796199799,
        "mean": 9.73563480377,
        "median": 8.88974189758,
        "min": 1.94109666348
    },
    "dissonance": {
        "max": 0.499999910593,
        "mean": 0.450137972832,
        "median": 0.459214091301,
        "min": 0.0609788149595
    },
    "hfc": {
        "max": 0.318865418434,
        "mean": 0.12412584573,
        "median": 0.103298857808,
        "min": 2.21818118007e-05
    },
    "pitch": {
        "max": 628.076477051,
        "mean": 277.93081665,
        "median": 281.195556641,
        "min": 60.2085609436
    },
    "pitch_instantaneous_confidence": {
        "max": 0.524117827415,
        "mean": 0.283661872149,
        "median": 0.281420737505,
        "min": 0.10235697031
    },
    "pitch_salience": {
        "max": 0.95339012146,
        "mean": 0.745658874512,
        "median": 0.749434709549,
        "min": 0.54672908783
    },
    "silence_rate_20dB": {
        "max": 1,
        "mean": 1,
        "median": 1,
        "min": 1
    },
    "silence_rate_30dB": {
        "max": 1,
        "mean": 1,
        "median": 1,
        "min": 1
    },
    "silence_rate_60dB": {
        "max": 1,
        "mean": 1,
        "median": 1,
        "min": 1
    },
    "spectral_centroid": {
        "max": 1141.84741211,
        "mean": 621.989685059,
        "median": 593.316040039,
        "min": 371.741241455
    },
    "spectral_complexity": {
        "max": 2,
        "mean": 0.625,
        "median": 0,
        "min": 0
    },
    "spectral_crest": {
        "max": 16.4873542786,
        "mean": 8.70851707458,
        "median": 8.58737373352,
        "min": 4.1148109436
    },
    "spectral_decrease": {
        "max": -5.50430808246e-15,
        "mean": -5.28656458887e-11,
        "median": -4.43549849627e-11,
        "min": -1.86276730152e-10
    },
    "spectral_energy": {
        "max": 0.000727584119886,
        "mean": 0.000210785583477,
        "median": 0.000175762572326,
        "min": 2.27864802582e-08
    },
    "spectral_energyband_high": {
        "max": 3.57904855264e-06,
        "mean": 5.73200338749e-07,
        "median": 3.93945327914e-07,
        "min": 3.89124954481e-10
    },
    "spectral_energyband_low": {
        "max": 5.62553759664e-06,
        "mean": 1.12979148525e-06,
        "median": 8.40856046125e-07,
        "min": 1.84146409232e-09
    },
    "spectral_energyband_middle_high": {
        "max": 0.000115085284051,
        "mean": 3.58063407475e-05,
        "median": 3.05972098431e-05,
        "min": 6.82674050623e-09
    },
    "spectral_energyband_middle_low": {
        "max": 0.000695402326528,
        "mean": 0.000175902969204,
        "median": 0.000141390017234,
        "min": 1.39655940146e-08
    },
    "spectral_flatness_db": {
        "max": 0.346834868193,
        "mean": 0.244396448135,
        "median": 0.243016064167,
        "min": 0.0652162507176
    },
    "spectral_flux": {
        "max": 0.0199871510267,
        "mean": 0.00985714048147,
        "median": 0.00978728570044,
        "min": 0.00486783357337
    },
    "spectral_kurtosis": {
        "max": 56.4507141113,
        "mean": 15.4033756256,
        "median": 14.7432861328,
        "min": 2.83105325699
    },
    "spectral_rms": {
        "max": 0.000842518929858,
        "mean": 0.000434186978964,
        "median": 0.000414093170548,
        "min": 4.71494558951e-06
    },
    "spectral_rolloff": {
        "max": 2390.18554688,
        "mean": 967.770751953,
        "median": 904.39453125,
        "min": 473.73046875
    },
    "spectral_skewness": {
        "max": 5.79783725739,
        "mean": 2.82565236092,
        "median": 2.819024086,
        "min": 1.37595808506
    },
    "spectral_spread": {
        "max": 26248228,
        "mean": 2577944.75,
        "median": 2129850,
        "min": 1123184.875
    },
    "spectral_strongpeak": {
        "max": 0.174550026655,
        "mean": 0.0542155168951,
        "median": 0.0456902384758,
        "min": 2.28052122111e-05
    },
    "zerocrossingrate": {
        "max": 0.0576171875,
        "mean": 0.034839976579,
        "median": 0.032470703125,
        "min": 0.001953125
    },
    "barkbands": {
        "max": [2.61417142156e-07, 3.98289301984e-07, 1.56823068664e-06, 1.75593540916e-05, 0.000259844819084, 0.000240097142523, 0.000150380743435, 6.87853680574e-05, 7.94506704551e-05, 7.10737294867e-05, 2.84965844912e-05, 2.20060810534e-05, 1.96136679733e-05, 8.07130618341e-06, 1.46070906339e-05, 9.34191393753e-06, 7.69503731135e-06, 1.02523044916e-05, 1.16906867333e-05, 7.3895944297e-06, 1.29088618905e-06, 1.48212350837e-07, 3.22278665976e-08, 2.93950979113e-08, 2.93298096921e-08, 2.71422688769e-08, 2.91177730816e-08],
        "mean": [3.07728220683e-09, 3.20041735336e-08, 3.69414550505e-07, 2.21570667236e-06, 4.65079683636e-05, 5.72161770833e-05, 3.02972330246e-05, 2.08020974242e-05, 1.48678891492e-05, 1.09212633106e-05, 6.28171846984e-06, 4.66333267468e-06, 3.98928614231e-06, 2.22014182327e-06, 2.27549753617e-06, 2.05558490052e-06, 1.78439950105e-06, 1.81425127721e-06, 1.39557891998e-06, 7.93803167198e-07, 2.25691962896e-07, 4.30110524974e-08, 6.4752820883e-09, 2.29211827296e-09, 1.17941312272e-09, 3.31129901276e-10, 3.38715444581e-10],
        "median": [7.69574265425e-11, 2.24340350741e-08, 2.95108407045e-07, 1.57812542056e-06, 3.56238961103e-05, 4.6951805416e-05, 2.16508524318e-05, 1.43875531649e-05, 1.00314873634e-05, 7.3997052823e-06, 4.29031069871e-06, 3.35022468789e-06, 2.96610528494e-06, 1.8177529455e-06, 1.80844403985e-06, 1.52219604388e-06, 1.43607758218e-06, 1.08973949864e-06, 7.58647502153e-07, 4.51346011232e-07, 1.66690711012e-07, 3.4340459365e-08, 5.57543211599e-09, 1.69113922865e-09, 7.53684448185e-10, 1.87174442612e-11, 2.986777492e-12],
        "min": [5.38787807772e-12, 6.93968660315e-10, 6.1709443111e-10, 7.01726121655e-10, 1.65068292368e-09, 1.59512369979e-09, 2.95587265775e-09, 3.89874932338e-09, 2.94871238538e-09, 3.89617366148e-10, 6.31513036309e-11, 7.04129199391e-10, 1.45600920209e-09, 1.55582546846e-09, 1.43607759018e-09, 5.82051074005e-10, 2.97931929127e-10, 2.4321464287e-10, 1.66349059527e-10, 1.04480764318e-10, 5.66514647693e-11, 6.94649615607e-11, 4.65468844024e-11, 4.50763419646e-11, 4.39010529318e-11, 4.126733677e-12, 1.02083496008e-14]
    },
    "mfcc": {
        "max": [-860.688781738, 169.178283691, 47.1993141174, 21.3557624817, 3.2943572998, 2.28881835938e-05, -2.67028808594e-05, -5.34057617188e-05, -4.57763671875e-05, 4.60090637207, -2.67028808594e-05, -3.0517578125e-05, 3.43933868408],
        "mean": [-919.586853027, 143.786026001, -29.2800712585, -11.7930517197, -20.7060718536, -38.1417884827, -17.5840396881, -23.6587696075, -23.5469245911, -15.7810058594, -17.0588722229, -11.6310148239, -9.584608078],
        "median": [-917.186767578, 144.958999634, -34.997089386, -15.2269859314, -20.5583839417, -39.0297889709, -17.0830879211, -24.2649803162, -23.8772697449, -16.2700767517, -16.6075649261, -11.424282074, -9.54206848145],
        "min": [-1138.42004395, 1.14440917969e-05, -60.8870048523, -34.4781265259, -63.4601821899, -55.6456260681, -32.0348434448, -37.6529541016, -35.8893508911, -31.3949890137, -28.0709438324, -24.9972686768, -25.5419578552]
    },
    "sccoeffs": {
        "max": [-0.397069066763, -0.724321961403, -0.770877540112, -0.787668645382, -0.803427994251, -0.753712356091],
        "mean": [-0.566502630711, -0.823789536953, -0.852732121944, -0.859825909138, -0.856657445431, -0.808861374855],