{
"metadata": {
    "version": {
        "essentia": "2.1-beta3"
    }
},
"lowLevel": {
    "average_loudness": 0.99068403244,
    "barkbands_kurtosis": {
        "max": 189.893707275,
        "mean": 11.5171165466,
        "median": 4.27586650848,
        "min": -0.83589720726
    },
    "barkbands_skewness": {
        "max": 2.49330854416,
        "mean": -0.803420126438,
        "median": -0.721591114998,
        "min": -3.78412795067
    },
    "barkbands_spread": {
        "max": 8.12716293335,
        "mean": 3.72643351555,
        "median": 3.53948998451,
        "min": 0.139422506094
    },
    "dissonance": {
        "max": 0.496831297874,
        "mean": 0.354614526033,
        "median": 0.355850338936,
        "min": 0.105234004557
    },
    "hfc": {
        "max": 0.00871380139142,
        "mean": 0.0021769925952,
        "median": 0.00190716364887,
        "min": 1.41326140124e-07
    },
    "pitch": {
        "max": 654.698974609,
        "mean": 471.520111084,
        "median": 562.296875,
        "min": 87.5456390381
    },
    "pitch_instantaneous_confidence": {
        "max": 0.965548098087,
        "mean": 0.661029040813,
        "median": 0.688393235207,
        "min": 0.216448307037
    },
    "pitch_salience": {
        "max": 0.951206624508,
        "mean": 0.531557619572,
        "median": 0.54124891758,
        "min": 0.169878438115
    },
    "silence_rate_20dB": {
        "max": 1,
        "mean": 1,
        "median": 1,
        "min": 1
    },
    "silence_rate_30dB": {
        "max": 1,
        "mean": 1,
        "median": 1,
        "min": 1
    },
    "silence_rate_60dB": {
        "max": 1,
        "mean": 1,
        "median": 1,
        "min": 1
    },
    "spectral_centroid": {
        "max": 626.139709473,
        "mean": 520.517150879,
        "median": 541.587280273,
        "min": 337.226104736
    },
    "spectral_complexity": {
        "max": 0,
        "mean": 0,
        "median": 0,
        "min": 0
    },
    "spectral_crest": {
        "max": 25.7127094269,
        "mean": 15.1840028763,
        "median": 14.9123744965,
        "min": 3.91699290276
    },
    "spectral_decrease": {
        "max": -5.73441967036e-17,
        "mean": -1.06623607513e-12,
        "median": -9.2411083126e-13,
        "min": -3.84548729665e-12
    },
    "spectral_energy": {
        "max": 1.53041073645e-05,
        "mean": 4.22167704528e-06,
        "median": 3.66831591236e-06,
        "min": 2.29249064176e-10
    },
    "spectral_energyband_high": {
        "max": 1.83603920956e-09,
        "mean": 7.12266690073e-10,
        "median": 5.87953685738e-10,
        "min": 9.92376536849e-13
    },
    "spectral_energyband_low": {
        "max": 2.87182683678e-06,
        "mean": 4.52592502143e-07,
        "median": 1.83053202818e-07,
        "min": 4.38087847249e-12
    },
    "spectral_energyband_middle_high": {
        "max": 1.23438383071e-06,
        "mean": 2.11982481346e-07,
        "median": 1.1025129254e-07,
        "min": 1.41883674948e-11
    },
    "spectral_energyband_middle_low": {
        "max": 1.44832383739e-05,
        "mean": 3.63102640222e-06,
        "median": 3.32495505972e-06,
        "min": 2.13937742521e-10
    },
    "spectral_flatness_db": {
        "max": 0.475684791803,
        "mean": 0.310825079679,
        "median": 0.300341874361,
        "min": 0.162249341607
    },
    "spectral_flux": {
        "max": 0.00346502708271,
        "mean": 0.00161579146516,
        "median": 0.00157141126692,
        "min": 0.000327021523844
    },
    "spectral_kurtosis": {
        "max": 108.255584717,
        "mean": 60.0379867554,
        "median": 57.276638031,
        "min": 4.76079559326
    },
    "spectral_rms": {
        "max": 0.00012219180644,
        "mean": 5.82856227993e-05,
        "median": 5.98231345066e-05,
        "min": 4.72924540418e-07
    },
    "spectral_rolloff": {
        "max": 861.328125,
        "mean": 631.31427002,
        "median": 602.9296875,
        "min": 559.86328125
    },
    "spectral_skewness": {
        "max": 8.8584318161,
        "mean": 6.41157388687,
        "median": 6.34140872955,
        "min": 2.35433983803
    },
    "spectral_spread": {
        "max": 22437756,
        "mean": 1847181.125,
        "median": 1391030,
        "min": 709654.875
    },
    "spectral_strongpeak": {
        "max": 0.0507586337626,
        "mean": 0.018722763285,
        "median": 0.017147263512,
        "min": 1.10563132694e-05
    },
    "zerocrossingrate": {
        "max": 0.029296875,
        "mean": 0.0253240410239,
        "median": 0.02587890625,
        "min": 0.00146484375
    },
    "barkbands": {
        "max": [8.83389219553e-08, 9.48117303778e-07, 1.65316464518e-06, 1.1589403357e-06, 1.12143891329e-06, 1.17210379358e-06, 9.05662489004e-07, 1.08022695713e-05, 3.51248922925e-06, 6.74895886732e-07, 2.94580075888e-07, 2.28177995609e-07, 5.99027458748e-08, 2.28974670335e-08, 2.08452597406e-08, 5.73509684187e-10, 1.30257382658e-09, 1.11087716803e-09, 8.31164082005e-10, 1.33673061509e-09, 1.2178135167e-09, 1.0701693004e-10, 7.56164020288e-11, 1.01977266909e-10, 6.95897367509e-11, 6.61651081146e-11, 7.01940033876e-11],
        "mean": [1.75227494736e-08, 1.2968740748e-07, 2.39830086457e-07, 1.44137956681e-07, 1.44759312093e-07, 2.59857017681e-07, 2.35233741819e-07, 2.28968792726e-06, 5.41916108432e-07, 1.07824781992e-07, 5.27360874969e-08, 3.78770792508e-08, 1.16518297233e-08, 3.74493325239e-09, 3.54318152596e-09, 1.91530222238e-10, 2.83422063596e-10, 1.8725763995e-10, 1.89489993141e-10, 2.87609880356e-10, 4.50656484352e-10, 2.53302500502e-11, 1.22593263666e-11, 2.86184149295e-11, 1.61764178441e-11, 1.1997144814e-12, 9.68722389631e-13],
        "median": [1.00105825851e-08, 5.3578276038e-08, 9.04517847289e-08, 5.04111028476e-08, 4.7149072202e-08, 1.42300748962e-07, 1.54286880161e-07, 1.44182365602e-06, 2.77861317954e-07, 3.67638648413e-08, 1.80761325907e-08, 2.17282867254e-08, 5.0791864048e-09, 2.11314299392e-09, 1.91357263368e-09, 1.76910208705e-10, 1.48294793112e-10, 1.03388762829e-10, 1.19338566806e-10, 1.97934169055e-10, 3.76573716654e-10, 1.97776066357e-11, 1.08623665618e-11, 2.38491049825e-11, 1.45274833829e-11, 3.77835431128e-13, 6.14838448166e-14],
        "min": [3.17173858792e-13, 1.31540525e-12, 1.77405442767e-12, 2.33139007232e-12, 7.11969632555e-12, 1.66672266266e-11, 4.47874792808e-11, 6.74268488265e-11, 6.78511760666e-11, 1.36561326483e-11, 1.19360337586e-12, 6.87039075804e-13, 6.7144114704e-13, 7.00476189639e-13, 3.11904690443e-13, 3.43327173332e-13, 4.65223020697e-13, 2.80952859718e-13, 2.04152816072e-13, 2.40846839e-13, 1.70534349446e-13, 1.4313695357e-13, 1.13913124268e-13, 1.33559748547e-13, 9.5115741997e-14, 1.03714041207e-13, 2.17533455679e-15]
    },
    "mfcc": {
        "max": [-1034.81347656, 118.012275696, 55.9581642151, 21.8896827698, -6.103515625e-05, 2.28881835938e-05, 4.5107460022, 10.9330844879, 18.2879981995, 23.0107059479, 27.6131401062, 24.7522068024, 13.9243392944],
        "mean": [-1082.88671875, 65.5059738159, 34.2262420654, 2.09926843643, -16.5051822662, -18.5593166351, -10.6550636292, -1.1607426405, 5.61858415604, 9.36338996887, 10.4905776978, 8.48808670044, 3.18155884743],
        "median": [-1082.87268066, 65.8461532593, 36.0347328186, 1.37570571899, -16.5734672546, -19.0944290161, -10.9520111084, -1.90874099731, 6.14552688599, 9.66316413879, 10.7602729797, 8.59288406372, 2.65392303467],
        "min": [-1138.42004395, 1.14440917969e-05, -6.103515625e-05, -15.2576408386, -37.2771873474, -36.5543785095, -25.9981002808, -12.2541122437, -5.91062927246, -5.74227142334, -6.35892295837, -2.85108184814, -3.92462921143]
    },
    "sccoeffs": {
        "max": [-0.824830710888, -0.636186361313, -0.819772183895, -0.715366899967, -0.816315770149, -0.820560991764],
        "mean": [-0.86762201786, -0.81144040823, -0.885609209538, -0.805163025856, -0.880969941616, -0.859258592129],