{
"metadata": {
    "version": {
        "essentia": "2.1-beta3"
    }
},
"lowLevel": {
    "average_loudness": 0.99068403244,
    "barkbands_kurtosis": {
        "max": 8.28105831146,
        "mean": 3.05329227448,
        "median": 3.16238641739,
        "min": -1.13883328438
    },
    "barkbands_skewness": {
        "max": 2.52209973335,
        "mean": 1.44773924351,
        "median": 1.46785998344,
        "min": -0.283822745085
    },
    "barkbands_spread": {
        "max": 18.380947113,
        "mean": 9.83859729767,
        "median": 9.64522838593,
        "min": 5.62837123871
    },
    "dissonance": {
        "max": 0.499999940395,
        "mean": 0.461465537548,
        "median": 0.467499822378,
        "min": 0.10947497189
    },
    "hfc": {
        "max": 2.73122262955,
        "mean": 0.328690171242,
        "median": 0.100703783333,
        "min": 1.34315114337e-05
    },
    "pitch": {
        "max": 1590.71362305,
        "mean": 361.669494629,
        "median": 275.090209961,
        "min": 44.7309303284
    },
    "pitch_instantaneous_confidence": {
        "max": 0.562411606312,
        "mean": 0.282948374748,
        "median": 0.267749339342,
        "min": 0.133858978748
    },
    "pitch_salience": {
        "max": 0.961574673653,
        "mean": 0.774675309658,
        "median": 0.780027270317,
        "min": 0.558810710907
    },
    "silence_rate_20dB": {
        "max": 1,
        "mean": 1,
        "median": 1,
        "min": 1
    },
    "silence_rate_30dB": {
        "max": 1,
        "mean": 1,
        "median": 1,
        "min": 1
    },
    "silence_rate_60dB": {
        "max": 1,
        "mean": 1,
        "median": 1,
        "min": 1
    },
    "spectral_centroid": {
        "max": 1837.15344238,
        "mean": 863.37298584,
        "median": 771.260437012,
        "min": 360.898132324
    },
    "spectral_complexity": {
        "max": 10,
        "mean": 1.55681812763,
        "median": 0,
        "min": 0
    },
    "spectral_crest": {
        "max": 11.6678323746,
        "mean": 7.07483482361,
        "median": 6.90525341034,
        "min": 3.80840277672
    },
    "spectral_decrease": {
        "max": -1.61430715461e-15,
        "mean": -8.67473384791e-11,
        "median": -2.89802314091e-11,
        "min": -5.8650673207e-10
    },
    "spectral_energy": {
        "max": 0.00246133841574,
        "mean": 0.000357217446435,
        "median": 0.000118606738397,
        "min": 7.3110473231e-09
    },
    "spectral_energyband_high": {
        "max": 5.82020875299e-05,
        "mean": 4.46577132607e-06,
        "median": 1.07139408101e-06,
        "min": 3.6570207973e-10
    },
    "spectral_energyband_low": {
        "max": 3.75044219254e-05,
        "mean": 3.97457915824e-06,
        "median": 6.98930875842e-07,
        "min": 4.79965511779e-11
    },
    "spectral_energyband_middle_high": {
        "max": 0.00132308143657,
        "mean": 0.000143007622682,
        "median": 3.12495285471e-05,
        "min": 5.51797985082e-09
    },
    "spectral_energyband_middle_low": {
        "max": 0.00120859744493,
        "mean": 0.000218937930185,
        "median": 8.73842000146e-05,
        "min": 1.50036183477e-09
    },
    "spectral_flatness_db": {
        "max": 0.254260897636,
        "mean": 0.206046923995,
        "median": 0.208513170481,
        "min": 0.0951404348016
    },
    "spectral_flux": {
        "max": 0.0380673706532,
        "mean": 0.0144946724176,
        "median": 0.014063402079,
        "min": 0.00136772973929
    },
    "spectral_kurtosis": {
        "max": 22.2158927917,
        "mean": 11.9535551071,
        "median": 11.2477817535,
        "min": 6.57001113892
    },
    "spectral_rms": {
        "max": 0.0015496147098,
        "mean": 0.000463816773845,
        "median": 0.000340163998771,
        "min": 2.67071709459e-06
    },
    "spectral_rolloff": {
        "max": 3186.9140625,
        "mean": 1238.64855957,
        "median": 1033.59375,
        "min": 602.9296875
    },
    "spectral_skewness": {
        "max": 3.82039928436,
        "mean": 2.75834560394,
        "median": 2.72714710236,
        "min": 2.10610342026
    },
    "spectral_spread": {
        "max": 8523087,
        "mean": 3365071,
        "median": 3220311.5,
        "min": 2481126.75
    },
    "spectral_strongpeak": {
        "max": 0.406856536865,
        "mean": 0.0822463706136,
        "median": 0.0488720983267,
        "min": 0.000113870955829
    },
    "zerocrossingrate": {
        "max": 0.080078125,
        "mean": 0.0473799258471,
        "median": 0.044677734375,
        "min": 0.005859375
    },
    "barkbands": {
        "max": [8.39922442708e-09, 3.50897181534e-07, 1.17456111184e-05, 5.27054871782e-05, 0.000152610737132, 0.000264787988272, 0.000436104310211, 0.000238554086536, 0.000803387956694, 0.000955617055297, 0.00051570677897, 0.000195568791241, 0.000171286083059, 6.75962801324e-05, 3.60567610187e-05, 7.3160721513e-05, 6.26190958428e-05, 4.18620329583e-05, 9.79351825663e-05, 6.5612985054e-05, 2.01430648303e-05, 1.75666627911e-06, 3.24018145648e-07, 4.32082373436e-07, 3.85001953873e-07, 1.69906293479e-08, 2.93691987396e-10],
        "mean": [1.42184888863e-10, 3.16408019785e-08, 1.28147428313e-06, 5.39334041605e-06, 1.27273087855e-05, 2.83299777948e-05, 3.85695602745e-05, 4.52629647043e-05, 6.98990625096e-05, 5.451413017e-05, 3.10388604703e-05, 1.89624770428e-05, 1.18686466521e-05, 7.07313165549e-06, 3.69162899005e-06, 3.98972315452e-06, 4.64318463855e-06, 5.43503301742e-06, 7.25122072254e-06, 5.15822421221e-06, 1.78359084657e-06, 1.91981825992e-07, 3.47063320305e-08, 4.58368383249e-08, 3.82892046957e-08, 1.74380476725e-09, 1.91447066533e-11],
        "median": [1.92806916266e-11, 5.62156099448e-09, 2.87543599597e-07, 7.90549393059e-07, 3.1962738376e-06, 8.53840083437e-06, 1.51219319378e-05, 1.61979878612e-05, 1.67117796082e-05, 1.14303093142e-05, 5.66610151509e-06, 4.13034513258e-06, 2.30117166211e-06, 1.33074627229e-06, 9.68536141954e-07, 7.30920191927e-07, 8.96164692676e-07, 1.56729356604e-06, 1.28888257223e-06, 1.2076116036e-06, 4.188777325e-07, 3.60857725923e-08, 6.70180444473e-09, 8.52504644655e-09, 8.62879900865e-09, 3.44951456288e-10, 6.00983932758e-12],
        "min": [2.01627079019e-14, 3.99238931845e-12, 7.42727841035e-12, 9.69460102473e-12, 1.23288629306e-10, 2.90890589394e-10, 2.29859867251e-10, 1.14425052766e-10, 5.09324027398e-10, 6.68469390952e-10, 2.07240447025e-10, 3.34863997642e-10, 3.52376350321e-10, 1.47912282422e-09, 6.1255028827e-10, 3.02154246068e-10, 5.84171391815e-11, 7.22670867592e-10, 6.78010980693e-10, 3.85347170839e-10, 1.45079004366e-10, 1.11833797431e-11, 9.50576076186e-12, 5.38167080344e-12, 2.17457345533e-12, 9.83040797202e-13, 2.98516663862e-13]
    },
    "mfcc": {
        "max": [-773.856506348, 168.362304688, 33.9592628479, 12.0967445374, -6.103515625e-05, 2.28881835938e-05, 12.6753921509, 5.07404327393, 6.41619491577, 6.54353523254, 2.74116134644, 7.51251983643, 4.84581756592],
        "mean": [-924.475830078, 118.703056335, -39.9603614807, -12.5076293945, -38.1559791565, -38.3329734802, -3.88495802879, -14.9611301422, -12.7804403305, -8.08051395416, -10.0544977188, -6.59881305695, -8.96790027618],
        "median": [-915.400512695, 121.697990417, -36.6731452942, -13.8389854431, -37.8544654846, -40.4253807068, -4.62468719482, -14.0538711548, -13.3992729187, -8.56942558289, -10.2470226288, -5.49174499512, -8.47577285767],
        "min": [-1138.42004395, 1.14440917969e-05, -106.66242981, -38.1472854614, -64.5213775635, -55.0540275574, -19.1805419922, -31.2432556152, -28.4439163208, -19.9464187622, -23.2522411346, -19.6235237122, -25.008266449]
    },
    "sccoeffs": {
        "max": [-0.421680748463, -0.726925373077, -0.686507701874, -0.758476316929, -0.813333451748, -0.801281452179],
        "mean": [-0.621028959751, -0.835857152939, -0.8353728652, -0.846752166748, -0.868423998356, -0.84524589777],