{
"metadata": {
    "version": {
        "essentia": "2.1-beta3"
    }
},
"lowLevel": {
    "average_loudness": 0.970238208771,
    "barkbands_kurtosis": {
        "max": 405.548706055,
        "mean": 18.2976722717,
        "median": 3.42490291595,
        "min": -1.78842556477
    },
    "barkbands_skewness": {
        "max": 16.1884765625,
        "mean": 0.215783074498,
        "median": -1.68131661415,
        "min": -3.24929475784
    },
    "barkbands_spread": {
        "max": 105.952590942,
        "mean": 19.3581867218,
        "median": 23.4142456055,
        "min": 0.211308225989
    },
    "dissonance": {
        "max": 0.499999910593,
        "mean": 0.439126163721,
        "median": 0.491316229105,
        "min": 0.00245682662353
    },
    "hfc": {
        "max": 59.9226226807,
        "mean": 2.79141664505,
        "median": 1.24294144076e-16,
        "min": 1.09007859591e-16
    },
    "pitch": {
        "max": 5073.52929688,
        "mean": 828.842651367,
        "median": 336.064361572,
        "min": 85.1218566895
    },
    "pitch_instantaneous_confidence": {
        "max": 0.932791113853,
        "mean": 0.292883753777,
        "median": 0.151508033276,
        "min": 0.0687675476074
    },
    "pitch_salience": {
        "max": 0.973155677319,
        "mean": 0.774995446205,
        "median": 0.790021538734,
        "min": 0.326975792646
    },
    "silence_rate_20dB": {
        "max": 1,
        "mean": 1,
        "median": 1,
        "min": 1
    },
    "silence_rate_30dB": {
        "max": 1,
        "mean": 1,
        "median": 1,
        "min": 1
    },
    "silence_rate_60dB": {
        "max": 1,
        "mean": 0.842975199223,
        "median": 1,
        "min": 0
    },
    "spectral_centroid": {
        "max": 11603.4746094,
        "mean": 6852.10693359,
        "median": 10727.8808594,
        "min": 89.8955230713
    },
    "spectral_complexity": {
        "max": 4,
        "mean": 0.371900826693,
        "median": 0,
        "min": 0
    },
    "spectral_crest": {
        "max": 25.4082145691,
        "mean": 9.16575527191,
        "median": 7.08265590668,
        "min": 3.95225310326
    },
    "spectral_decrease": {
        "max": 2.21448239831e-28,
        "mean": -1.3698395751e-09,
        "median": -1.09458988572e-28,
        "min": -4.88995475223e-08
    },
    "spectral_energy": {
        "max": 0.189993172884,
        "mean": 0.00542327482253,
        "median": 1.11188777834e-20,
        "min": 1.00515684162e-20
    },
    "spectral_energyband_high": {
        "max": 0.000502218899783,
        "mean": 8.94444201549e-06,
        "median": 8.16525734626e-21,
        "min": 6.95686602476e-21
    },
    "spectral_energyband_low": {
        "max": 0.000896453275345,
        "mean": 1.73204443854e-05,
        "median": 1.33742632212e-22,
        "min": 1.23844172812e-23
    },
    "spectral_energyband_middle_high": {
        "max": 0.0295671653003,
        "mean": 0.00067024002783,
        "median": 1.77883635727e-21,
        "min": 1.16195773168e-21
    },
    "spectral_energyband_middle_low": {
        "max": 0.189783900976,
        "mean": 0.00477632461116,
        "median": 4.36420925372e-22,
        "min": 1.79966107348e-22
    },
    "spectral_flatness_db": {
        "max": 0.573994219303,
        "mean": 0.172214329243,
        "median": 0.0867475941777,
        "min": 0.0356520265341
    },
    "spectral_flux": {
        "max": 0.434336006641,
        "mean": 0.0353464707732,
        "median": 7.18072198924e-11,
        "min": 6.29154367493e-11
    },
    "spectral_kurtosis": {
        "max": 44.3104858398,
        "mean": 5.62250566483,
        "median": -1.16385865211,
        "min": -1.32713508606
    },
    "spectral_rms": {
        "max": 0.0136146685109,
        "mean": 0.000753237865865,
        "median": 3.29358242068e-12,
        "min": 3.13151848202e-12
    },
    "spectral_rolloff": {
        "max": 19379.8828125,
        "mean": 11418.1132812,
        "median": 18281.6894531,
        "min": 129.19921875
    },
    "spectral_skewness": {
        "max": 6.02740907669,
        "mean": 1.24714827538,
        "median": 0.0227551981807,
        "min": -0.0709311589599
    },
    "spectral_spread": {
        "max": 48511232,
        "mean": 25501798,
        "median": 39544804,
        "min": 1129566.5
    },
    "spectral_strongpeak": {
        "max": 1.18203949928,
        "mean": 0.0835570916533,
        "median": 5.72675951105e-09,
        "min": 0
    },
    "zerocrossingrate": {
        "max": 0.5361328125,
        "mean": 0.320534437895,
        "median": 0.48583984375,
        "min": 0.0009765625
    },
    "barkbands": {
        "max": [3.6652046731e-08, 4.5705978664e-06, 0.000421584729338, 0.00290525471792, 0.0511977598071, 0.135874137282, 0.0747898966074, 0.013788475655, 0.00920547079295, 0.00681980606169, 0.00516565982252, 0.010159811005, 0.00250058085658, 0.0120985768735, 0.0133688654751, 0.00250696204603, 0.000199938498554, 0.000150600069901, 0.000857389473822, 0.000158687180374, 0.000335625605658, 6.03546468483e-05, 2.75161687568e-06, 3.32751324095e-06, 1.16391618121e-06, 3.91794827692e-08, 8.05624811306e-09],
        "mean": [8.72765082427e-10, 5.42467368803e-08, 5.19023433299e-06, 4.66543351649e-05, 0.000892354815733, 0.00194560759701, 0.00136713904794, 0.000222052345634, 0.000220658010221, 0.000163653778145, 8.5458799731e-05, 0.000155793473823, 3.67461143469e-05, 0.000102249767224, 0.000114340873552, 2.75618240266e-05, 5.69655276195e-06, 4.32716660725e-06, 1.62330215971e-05, 6.01284682489e-06, 3.91694129576e-06, 1.41249847729e-06, 8.72811014574e-08, 5.42970290951e-08, 2.52422704961e-08, 1.17019161028e-09, 2.75509448588e-10],
        "median": [4.34561258363e-23, 5.6870737084e-23, 4.80519032524e-23, 5.56908788489e-23, 9.43229750993e-23, 8.06700647494e-23, 9.28774095786e-23, 7.74169917029e-23, 1.2864449555e-22, 1.21130425034e-22, 1.19500032558e-22, 1.60723719898e-22, 1.77473773893e-22, 1.84206758517e-22, 2.02002311957e-22, 2.10662856115e-22, 2.88302685246e-22, 2.83623566253e-22, 3.70742941245e-22, 4.40986322177e-22, 5.42112332749e-22, 6.49162852802e-22, 7.78945239187e-22, 1.0268010442e-21, 1.41077420519e-21, 1.90168499709e-21, 2.71187124858e-21],
        "min": [7.01374554503e-25, 2.91884234452e-24, 5.50656170458e-25, 1.75016364888e-24, 1.30483194636e-23, 1.06420665107e-23, 7.08720289201e-24, 4.45424235904e-24, 1.09433837664e-23, 1.14385067915e-23, 2.15960912219e-23, 3.1519249857e-23, 4.0061079915e-23, 3.08556758408e-23, 5.02526674058e-23, 5.2954579115e-23, 5.68523660913e-23, 9.3211350177e-23, 1.31308510381e-22, 1.568343832e-22, 2.42970799639e-22, 2.93009117759e-22, 3.78947826723e-22, 5.67809811213e-22, 9.46791615753e-22, 1.31255529221e-21, 1.90868614393e-21]
    },
    "mfcc": {
        "max": [-799.948669434, 179.203033447, 44.8062782288, 51.4302062988, 67.4114990234, 114.553405762, 99.2912216187, 75.9583435059, 60.7284965515, 41.685508728, 32.1736412048, 34.9649658203, 35.7367668152],
        "mean": [-1088.51574707, 19.582742691, -8.96932697296, 2.08017492294, -7.46797323227, -6.2939453125, -4.31102466583, -5.1522526741, -2.95226550102, -3.32953381538, -3.23654723167, -1.83515012264, -0.428845882416],
        "median": [-1138.42004395, 1.14440917969e-05, -6.103515625e-05, 8.01086425781e-05, -6.103515625e-05, 2.28881835938e-05, -2.67028808594e-05, -5.34057617188e-05, -4.57763671875e-05, -2.28881835938e-05, -2.67028808594e-05, -3.0517578125e-05, -3.81469726562e-05],
        "min": [-1138.42004395, -66.6472320557, -161.495330811, -60.0972480774, -108.48789978, -100.494750977, -86.3565368652, -93.6418151855, -74.6891937256, -80.2887802124, -62.5112953186, -42.5990257263, -44.5816459656]
    },
    "sccoeffs": {
        "max": [-0.102111309767, -0.112285509706, -0.440188765526, -0.368140369654, -0.64391207695, -0.639262616634],
        "mean": [-0.86635774374, -0.887520194054, -0.908199608326, -0.911869645119, -0.921431183815, -0.911619663239],