{
"metadata": {
    "version": {
        "essentia": "2.1-beta3"
    }
},
"lowLevel": {
    "average_loudness": 0.985006511211,
    "barkbands_kurtosis": {
        "max": 13.169960022,
        "mean": 1.27455949783,
        "median": 0.701841592789,
        "min": -1.75563275814
    },
    "barkbands_skewness": {
        "max": 3.48271250725,
        "mean": 1.27750337124,
        "median": 1.23692715168,
        "min": -0.357669830322
    },
    "barkbands_spread": {
        "max": 45.2004203796,
        "mean": 23.7164230347,
        "median": 23.064781189,
        "min": 8.1431055069
    },
    "dissonance": {
        "max": 0.500000059605,
        "mean": 0.45794147253,
        "median": 0.466541469097,
        "min": 0.310376167297
    },
    "hfc": {
        "max": 0.124812893569,
        "mean": 0.0145339807495,
        "median": 0.00932883098722,
        "min": 0.000703038997017
    },
    "pitch": {
        "max": 4284.72363281,
        "mean": 829.938415527,
        "median": 226.447372437,
        "min": 43.3305854797
    },
    "pitch_instantaneous_confidence": {
        "max": 0.671954572201,
        "mean": 0.251609832048,
        "median": 0.233539938927,
        "min": 0.12244361639
    },
    "pitch_salience": {
        "max": 0.902608275414,
        "mean": 0.799487292767,
        "median": 0.807192325592,
        "min": 0.688504219055
    },
    "silence_rate_20dB": {
        "max": 1,
        "mean": 1,
        "median": 1,
        "min": 1
    },
    "silence_rate_30dB": {
        "max": 1,
        "mean": 1,
        "median": 1,
        "min": 1
    },
    "silence_rate_60dB": {
        "max": 1,
        "mean": 1,
        "median": 1,
        "min": 1
    },
    "spectral_centroid": {
        "max": 2322.31445312,
        "mean": 1035.26647949,
        "median": 995.713012695,
        "min": 443.1590271
    },
    "spectral_complexity": {
        "max": 0,
        "mean": 0,
        "median": 0,
        "min": 0
    },
    "spectral_crest": {
        "max": 15.423084259,
        "mean": 6.97840929031,
        "median": 6.4050116539,
        "min": 2.98547196388
    },
    "spectral_decrease": {
        "max": -1.33978630057e-13,
        "mean": -3.77382066569e-12,
        "median": -2.27389461427e-12,
        "min": -1.98417653835e-11
    },
    "spectral_energy": {
        "max": 7.83007781138e-05,
        "mean": 1.55615325639e-05,
        "median": 9.31630074774e-06,
        "min": 5.69432870634e-07
    },
    "spectral_energyband_high": {
        "max": 5.7353045122e-06,
        "mean": 5.70594181681e-07,
        "median": 3.92177241793e-07,
        "min": 4.30813713592e-08
    },
    "spectral_energyband_low": {
        "max": 7.70901715441e-06,
        "mean": 1.02312139916e-06,
        "median": 4.29988944006e-07,
        "min": 1.51806052173e-08
    },
    "spectral_energyband_middle_high": {
        "max": 2.97208480333e-05,
        "mean": 3.5706689232e-06,
        "median": 2.38272036768e-06,
        "min": 1.59452795856e-07
    },
    "spectral_energyband_middle_low": {
        "max": 6.93200854585e-05,
        "mean": 1.09773800432e-05,
        "median": 6.59673150949e-06,
        "min": 2.63126423761e-07
    },
    "spectral_flatness_db": {
        "max": 0.187992319465,
        "mean": 0.119462125003,
        "median": 0.115012660623,
        "min": 0.0542191378772
    },
    "spectral_flux": {
        "max": 0.00723176496103,
        "mean": 0.00250647519715,
        "median": 0.0022521938663,
        "min": 0.000727903214283
    },
    "spectral_kurtosis": {
        "max": 8.58061790466,
        "mean": 4.10066699982,
        "median": 3.93793296814,
        "min": 1.26553678513
    },
    "spectral_rms": {
        "max": 0.000276389211649,
        "mean": 0.000109372267616,
        "median": 9.5336632512e-05,
        "min": 2.35699862969e-05
    },
    "spectral_rolloff": {
        "max": 4371.24023438,
        "mean": 1958.64282227,
        "median": 1722.65625,
        "min": 409.130859375
    },
    "spectral_skewness": {
        "max": 2.615432024,
        "mean": 1.79023957253,
        "median": 1.78739058971,
        "min": 1.17723715305
    },
    "spectral_spread": {
        "max": 14094333,
        "mean": 7627915.5,
        "median": 7753451.5,
        "min": 5089044.5
    },
    "spectral_strongpeak": {
        "max": 0.0662564635277,
        "mean": 0.00859851948917,
        "median": 0.00563606154174,
        "min": 0.00049468310317
    },
    "zerocrossingrate": {
        "max": 0.10107421875,
        "mean": 0.0747933909297,
        "median": 0.07861328125,
        "min": 0.0302734375
    },
    "barkbands": {
        "max": [7.75115651663e-08, 3.04524655803e-06, 3.18376487485e-06, 9.09537538973e-06, 3.40376063832e-05, 3.01839208987e-05, 1.43239503814e-05, 1.00692195701e-05, 8.39213862491e-06, 5.18923616255e-06, 2.28438443628e-06, 2.14261831388e-06, 1.20097718082e-06, 5.79956520141e-07, 7.89602609075e-07, 4.369996077e-06, 4.20524247602e-06, 3.99852797273e-06, 1.47810978888e-05, 1.05573753899e-05, 1.42879900977e-06, 5.356141628e-07, 1.56478378699e-07, 8.84434498971e-08, 9.38355029234e-08, 5.87265747143e-09, 2.12739728611e-10],
        "mean": [3.3823590595e-09, 1.55970241167e-07, 4.63851023369e-07, 7.92578305209e-07, 3.86249712392e-06, 2.70060786534e-06, 1.38011171202e-06, 7.07792366939e-07, 1.27615601286e-06, 8.18748389975e-07, 3.58116551524e-07, 2.20893142e-07, 1.47287778418e-07, 7.4771740799e-08, 8.70470913128e-08, 2.42361693381e-07, 3.32896121336e-07, 3.15127607564e-07, 7.40711129765e-07, 5.58458680189e-07, 1.93191070252e-07, 7.12215140197e-08, 2.57795278458e-08, 1.5892705818e-08, 1.47068650591e-08, 1.36727829059e-09, 3.29999916282e-11],
        "median": [2.47936920994e-10, 3.98896098375e-08, 1.69937550254e-07, 2.93588470868e-07, 1.66233223808e-06, 1.23235156479e-06, 8.06099365036e-07, 3.14733341611e-07, 6.53249173865e-07, 4.74563933039e-07, 2.485596724e-07, 1.09675823978e-07, 7.90140859408e-08, 4.63394265182e-08, 5.04360464504e-08, 5.30740607019e-08, 1.09420398076e-07, 1.48309396764e-07, 2.22937558192e-07, 2.83315245042e-07, 1.30907849893e-07, 5.32700923372e-08, 1.68025859892e-08, 1.22440768635e-08, 1.12981384248e-08, 1.03034236698e-09, 2.35278723587e-11],
        "min": [1.47471932669e-12, 9.04978092464e-10, 2.88064505582e-09, 1.90118254473e-09, 4.40265814916e-08, 1.74896097604e-08, 1.27201138511e-08, 2.32337207251e-08, 2.07587511625e-08, 2.61359520692e-08, 1.73362764144e-08, 8.05132316373e-09, 5.23706722433e-09, 4.70784167206e-09, 4.63354954405e-09, 7.27387083899e-09, 1.15009628487e-08, 1.10777014228e-08, 2.71278945974e-08, 3.1849996418e-08, 1.38042040021e-08, 4.63685356777e-09, 1.48224710284e-09, 2.21351781349e-09, 1.7038837008e-09, 9.61229568164e-11, 8.56856577879e-13]
    },
    "mfcc": {
        "max": [-937.167480469, 130.016021729, 38.6642494202, 66.2926559448, 18.5075073242, -7.62587738037, 22.0737037659, 11.6654148102, 17.5873565674, 11.1887378693, 10.6600837708, 10.4486541748, 12.1445617676],
        "mean": [-1011.18280029, 87.2490921021, 7.19492387772, 15.9162397385, -18.2832736969, -26.2803840637, -1.26891720295, -5.97483778, -8.72661495209, -8.26901817322, -12.1204032898, -7.8996963501, -5.10911750793],
        "median": [-1009.96960449, 87.9780654907, 7.71514892578, 15.1902809143, -20.882686615, -24.2894515991, -1.30184555054, -5.60659790039, -8.70053100586, -8.87367248535, -11.7078380585, -8.3504486084, -5.40650177002],
        "min": [-1103.98242188, 35.84116745, -21.0831184387, -28.0943069458, -43.7400741577, -54.2288322449, -24.9179534912, -24.588142395, -31.2515506744, -23.0041885376, -33.6726303101, -25.8804016113, -20.6817512512]
    },
    "sccoeffs": {
        "max": [-0.604230165482, -0.736564517021, -0.755374193192, -0.800564110279, -0.814558267593, -0.822246134281],
        "mean": [-0.754746794701, -0.853450775146, -0.862648546696, -0.875886797905, -0.882449686527, -0.867064237595],